id,surah_id,number
1,1,1.1
2,1,1.2
3,1,1.3
4,1,1.4
5,1,1.5
6,1,1.6
7,1,1.7
8,1,1.8
9,1,1.9
10,1,1.10
11,1,1.11
12,1,1.12
13,1,1.13
14,1,1.14
15,2,2.1
16,2,2.2
17,2,2.3
18,2,2.4
19,2,2.5
20,2,2.6
21,2,2.7
22,2,2.8
23,2,2.9
24,2,2.10
25,2,2.11
26,2,2.12
27,2,2.13
28,2,2.14
29,2,2.15
30,2,2.16
31,2,2.17
32,2,2.18
33,2,2.19
34,2,2.20
35,2,2.21
36,2,2.22
37,2,2.23
38,2,2.24
39,2,2.25
40,2,2.26
41,2,2.27
42,2,2.28
43,2,2.29
44,2,2.30
45,2,2.31
46,2,2.32
47,2,2.33
48,2,2.34
49,2,2.35
50,2,2.36
51,2,2.37
52,2,2.38
53,2,2.39
54,2,2.40
55,2,2.41
56,2,2.42
57,2,2.43
58,2,2.44
59,2,2.45
60,2,2.46
61,2,2.47
62,2,2.48
63,2,2.49
64,2,2.50
65,2,2.51
66,2,2.52
67,2,2.53
68,2,2.54
69,2,2.55
70,2,2.56
71,2,2.57
72,2,2.58
73,2,2.59
74,2,2.60
75,2,2.61
76,2,2.62
77,2,2.63
78,2,2.64
79,2,2.65
80,2,2.66
81,2,2.67
82,2,2.68
83,2,2.69
84,2,2.70
85,2,2.71
86,2,2.72
87,2,2.73
88,2,2.74
89,2,2.75
90,2,2.76
91,2,2.77
92,2,2.78
93,2,2.79
94,2,2.80
95,2,2.81
96,2,2.82
97,2,2.83
98,2,2.84
99,2,2.85
100,2,2.86
101,2,2.87
102,2,2.88
103,2,2.89
104,2,2.90
105,2,2.91
106,2,2.92
107,2,2.93
108,2,2.94
109,2,2.95
110,2,2.96
111,2,2.97
112,2,2.98
113,2,2.99
114,2,2.100
115,2,2.101
116,2,2.102
117,2,2.103
118,2,2.104
119,2,2.105
120,2,2.106
121,2,2.107
122,2,2.108
123,2,2.109
124,2,2.110
125,2,2.111
126,2,2.112
127,2,2.113
128,2,2.114
129,2,2.115
130,2,2.116
131,2,2.117
132,2,2.118
133,2,2.119
134,2,2.120
135,2,2.121
136,2,2.122
137,2,2.123
138,2,2.124
139,2,2.125
140,2,2.126
141,2,2.127
142,2,2.128
143,2,2.129
144,2,2.130
145,2,2.131
146,2,2.132
147,2,2.133
148,2,2.134
149,2,2.135
150,2,2.136
151,2,2.137
152,2,2.138
153,2,2.139
154,2,2.140
155,2,2.141
156,2,2.142
157,2,2.143
158,2,2.144
159,2,2.145
160,2,2.146
161,2,2.147
162,2,2.148
163,2,2.149
164,2,2.150
165,2,2.151
166,2,2.152
167,2,2.153
168,2,2.154
169,2,2.155
170,2,2.156
171,2,2.157
172,2,2.158
173,2,2.159
174,2,2.160
175,2,2.161
176,2,2.162
177,2,2.163
178,2,2.164
179,2,2.165
180,2,2.166
181,2,2.167
182,2,2.168
183,2,2.169
184,2,2.170
185,2,2.171
186,2,2.172
187,2,2.173
188,2,2.174
189,2,2.175
190,2,2.176
191,2,2.177
192,2,2.178
193,2,2.179
194,2,2.180
195,2,2.181
196,2,2.182
197,2,2.183
198,2,2.184
199,2,2.185
200,2,2.186
201,2,2.187
202,2,2.188
203,2,2.189
204,2,2.190
205,2,2.191
206,2,2.192
207,2,2.193
208,2,2.194
209,2,2.195
210,2,2.196
211,2,2.197
212,2,2.198
213,2,2.199
214,2,2.200
215,2,2.201
216,2,2.202
217,2,2.203
218,2,2.204
219,2,2.205
220,2,2.206
221,2,2.207
222,2,2.208
223,2,2.209
224,2,2.210
225,2,2.211
226,2,2.212
227,2,2.213
228,2,2.214
229,2,2.215
230,2,2.216
231,2,2.217
232,2,2.218
233,2,2.219
234,2,2.220
235,2,2.221
236,2,2.222
237,2,2.223
238,2,2.224
239,2,2.225
240,2,2.226
241,2,2.227
242,2,2.228
243,2,2.229
244,2,2.230
245,2,2.231
246,2,2.232
247,2,2.233
248,2,2.234
249,2,2.235
250,2,2.236
251,2,2.237
252,2,2.238
253,2,2.239
254,2,2.240
255,2,2.241
256,2,2.242
257,2,2.243
258,2,2.244
259,2,2.245
260,2,2.246
261,2,2.247
262,2,2.248
263,2,2.249
264,2,2.250
265,2,2.251
266,2,2.252
267,2,2.253
268,2,2.254
269,2,2.255
270,2,2.256
271,2,2.257
272,2,2.258
273,2,2.259
274,2,2.260
275,2,2.261
276,2,2.262
277,2,2.263
278,2,2.264
279,2,2.265
280,2,2.266
281,2,2.267
282,2,2.268
283,2,2.269
284,2,2.270
285,2,2.271
286,2,2.272
287,2,2.273
288,2,2.274
289,2,2.275
290,2,2.276
291,2,2.277
292,2,2.278
293,2,2.279
294,2,2.280
295,2,2.281
296,2,2.282
297,2,2.283
298,2,2.284
299,2,2.285
300,2,2.286
301,2,2.287
302,2,2.288
303,2,2.289
304,2,2.290
305,2,2.291
306,2,2.292
307,2,2.293
308,2,2.294
309,2,2.295
310,2,2.296
311,2,2.297
312,2,2.298
313,2,2.299
314,2,2.300
315,2,2.301
316,2,2.302
317,2,2.303
318,2,2.304
319,2,2.305
320,2,2.306
321,2,2.307
322,2,2.308
323,2,2.309
324,2,2.310
325,2,2.311
326,2,2.312
327,2,2.313
328,2,2.314
329,2,2.315
330,2,2.316
331,2,2.317
332,2,2.318
333,2,2.319
334,2,2.320
335,2,2.321
336,2,2.322
337,2,2.323
338,2,2.324
339,2,2.325
340,2,2.326
341,2,2.327
342,2,2.328
343,2,2.329
344,2,2.330
345,2,2.331
346,2,2.332
347,2,2.333
348,2,2.334
349,2,2.335
350,2,2.336
351,2,2.337
352,2,2.338
353,2,2.339
354,2,2.340
355,2,2.341
356,2,2.342
357,2,2.343
358,2,2.344
359,2,2.345
360,2,2.346
361,2,2.347
362,2,2.348
363,2,2.349
364,2,2.350
365,2,2.351
366,2,2.352
367,2,2.353
368,2,2.354
369,2,2.355
370,2,2.356
371,2,2.357
372,2,2.358
373,2,2.359
374,2,2.360
375,2,2.361
376,2,2.362
377,2,2.363
378,2,2.364
379,2,2.365
380,2,2.366
381,2,2.367
382,2,2.368
383,2,2.369
384,2,2.370
385,2,2.371
386,2,2.372
387,2,2.373
388,2,2.374
389,2,2.375
390,2,2.376
391,2,2.377
392,2,2.378
393,2,2.379
394,2,2.380
395,2,2.381
396,2,2.382
397,2,2.383
398,2,2.384
399,2,2.385
400,2,2.386
401,2,2.387
402,2,2.388
403,2,2.389
404,2,2.390
405,2,2.391
406,2,2.392
407,2,2.393
408,2,2.394
409,2,2.395
410,2,2.396
411,2,2.397
412,2,2.398
413,2,2.399
414,2,2.400
415,2,2.401
416,2,2.402
417,2,2.403
418,2,2.404
419,2,2.405
420,2,2.406
421,2,2.407
422,2,2.408
423,2,2.409
424,2,2.410
425,2,2.411
426,2,2.412
427,2,2.413
428,2,2.414
429,2,2.415
430,2,2.416
431,2,2.417
432,2,2.418
433,2,2.419
434,2,2.420
435,2,2.421
436,2,2.422
437,2,2.423
438,2,2.424
439,2,2.425
440,2,2.426
441,2,2.427
442,2,2.428
443,2,2.429
444,2,2.430
445,2,2.431
446,2,2.432
447,2,2.433
448,2,2.434
449,2,2.435
450,2,2.436
451,2,2.437
452,2,2.438
453,2,2.439
454,2,2.440
455,2,2.441
456,2,2.442
457,2,2.443
458,2,2.444
459,2,2.445
460,2,2.446
461,2,2.447
462,2,2.448
463,2,2.449
464,2,2.450
465,2,2.451
466,2,2.452
467,2,2.453
468,2,2.454
469,2,2.455
470,2,2.456
471,2,2.457
472,2,2.458
473,2,2.459
474,2,2.460
475,2,2.461
476,2,2.462
477,2,2.463
478,2,2.464
479,2,2.465
480,2,2.466
481,2,2.467
482,2,2.468
483,2,2.469
484,2,2.470
485,2,2.471
486,2,2.472
487,2,2.473
488,2,2.474
489,2,2.475
490,2,2.476
491,2,2.477
492,2,2.478
493,2,2.479
494,2,2.480
495,2,2.481
496,2,2.482
497,2,2.483
498,2,2.484
499,2,2.485
500,2,2.486
501,2,2.487
502,2,2.488
503,2,2.489
504,2,2.490
505,2,2.491
506,2,2.492
507,2,2.493
508,2,2.494
509,2,2.495
510,2,2.496
511,2,2.497
512,2,2.498
513,2,2.499
514,2,2.500
515,2,2.501
516,2,2.502
517,2,2.503
518,2,2.504
519,2,2.505
520,2,2.506
521,2,2.507
522,2,2.508
523,2,2.509
524,2,2.510
525,2,2.511
526,2,2.512
527,2,2.513
528,2,2.514
529,2,2.515
530,2,2.516
531,2,2.517
532,2,2.518
533,2,2.519
534,2,2.520
535,2,2.521
536,2,2.522
537,2,2.523
538,2,2.524
539,2,2.525
540,2,2.526
541,2,2.527
542,2,2.528
543,2,2.529
544,2,2.530
545,2,2.531
546,2,2.532
547,2,2.533
548,2,2.534
549,2,2.535
550,2,2.536
551,2,2.537
552,2,2.538
553,2,2.539
554,2,2.540
555,2,2.541
556,2,2.542
557,2,2.543
558,2,2.544
559,2,2.545
560,2,2.546
561,2,2.547
562,2,2.548
563,2,2.549
564,2,2.550
565,2,2.551
566,2,2.552
567,2,2.553
568,2,2.554
569,2,2.555
570,2,2.556
571,2,2.557
572,2,2.558
573,2,2.559
574,2,2.560
575,2,2.561
576,2,2.562
577,2,2.563
578,2,2.564
579,2,2.565
580,2,2.566
581,2,2.567
582,2,2.568
583,2,2.569
584,2,2.570
585,2,2.571
586,2,2.572
587,2,2.573
588,2,2.574
589,2,2.575
590,2,2.576
591,2,2.577
592,2,2.578
593,2,2.579
594,2,2.580
595,2,2.581
596,2,2.582
597,2,2.583
598,2,2.584
599,2,2.585
600,2,2.586
601,2,2.587
602,2,2.588
603,2,2.589
604,2,2.590
605,2,2.591
606,2,2.592
607,2,2.593
608,2,2.594
609,2,2.595
610,2,2.596
611,2,2.597
612,2,2.598
613,2,2.599
614,2,2.600
615,2,2.601
616,2,2.602
617,2,2.603
618,2,2.604
619,2,2.605
620,2,2.606
621,2,2.607
622,2,2.608
623,2,2.609
624,2,2.610
625,2,2.611
626,2,2.612
627,2,2.613
628,2,2.614
629,2,2.615
630,2,2.616
631,2,2.617
632,2,2.618
633,2,2.619
634,2,2.620
635,2,2.621
636,2,2.622
637,2,2.623
638,2,2.624
639,2,2.625
640,2,2.626
641,2,2.627
642,2,2.628
643,2,2.629
644,2,2.630
645,2,2.631
646,2,2.632
647,2,2.633
648,2,2.634
649,2,2.635
650,2,2.636
651,2,2.637
652,2,2.638
653,2,2.639
654,2,2.640
655,2,2.641
656,2,2.642
657,2,2.643
658,2,2.644
659,2,2.645
660,2,2.646
661,2,2.647
662,2,2.648
663,2,2.649
664,2,2.650
665,2,2.651
666,2,2.652
667,2,2.653
668,2,2.654
669,2,2.655
670,2,2.656
671,2,2.657
672,2,2.658
673,2,2.659
674,2,2.660
675,2,2.661
676,2,2.662
677,2,2.663
678,2,2.664
679,2,2.665
680,2,2.666
681,2,2.667
682,2,2.668
683,2,2.669
684,2,2.670
685,2,2.671
686,2,2.672
687,2,2.673
688,2,2.674
689,2,2.675
690,2,2.676
691,2,2.677
692,2,2.678
693,2,2.679
694,2,2.680
695,2,2.681
696,2,2.682
697,2,2.683
698,2,2.684
699,2,2.685
700,2,2.686
701,2,2.687
702,2,2.688
703,2,2.689
704,2,2.690
705,2,2.691
706,2,2.692
707,2,2.693
708,2,2.694
709,2,2.695
710,2,2.696
711,2,2.697
712,2,2.698
713,2,2.699
714,2,2.700
715,2,2.701
716,2,2.702
717,2,2.703
718,2,2.704
719,2,2.705
720,2,2.706
721,2,2.707
722,2,2.708
723,2,2.709
724,2,2.710
725,2,2.711
726,2,2.712
727,2,2.713
728,2,2.714
729,2,2.715
730,2,2.716
731,2,2.717
732,2,2.718
733,2,2.719
734,2,2.720
735,2,2.721
736,2,2.722
737,2,2.723
738,2,2.724
739,2,2.725
740,2,2.726
741,2,2.727
742,2,2.728
743,2,2.729
744,2,2.730
745,2,2.731
746,2,2.732
747,2,2.733
748,2,2.734
749,2,2.735
750,2,2.736
751,2,2.737
752,2,2.738
753,2,2.739
754,2,2.740
755,2,2.741
756,2,2.742
757,2,2.743
758,2,2.744
759,2,2.745
760,2,2.746
761,2,2.747
762,2,2.748
763,2,2.749
764,2,2.750
765,2,2.751
766,2,2.752
767,2,2.753
768,2,2.754
769,2,2.755
770,2,2.756
771,2,2.757
772,2,2.758
773,2,2.759
774,2,2.760
775,2,2.761
776,2,2.762
777,2,2.763
778,2,2.764
779,2,2.765
780,2,2.766
781,2,2.767
782,2,2.768
783,2,2.769
784,2,2.770
785,2,2.771
786,2,2.772
787,2,2.773
788,2,2.774
789,2,2.775
790,2,2.776
791,2,2.777
792,2,2.778
793,2,2.779
794,2,2.780
795,2,2.781
796,2,2.782
797,2,2.783
798,2,2.784
799,2,2.785
800,2,2.786
801,2,2.787
802,2,2.788
803,2,2.789
804,2,2.790
805,2,2.791
806,2,2.792
807,2,2.793
808,2,2.794
809,2,2.795
810,2,2.796
811,2,2.797
812,2,2.798
813,2,2.799
814,2,2.800
815,2,2.801
816,2,2.802
817,2,2.803
818,2,2.804
819,2,2.805
820,2,2.806
821,2,2.807
822,2,2.808
823,2,2.809
824,2,2.810
825,2,2.811
826,2,2.812
827,2,2.813
828,2,2.814
829,2,2.815
830,2,2.816
831,2,2.817
832,2,2.818
833,2,2.819
834,2,2.820
835,2,2.821
836,2,2.822
837,2,2.823
838,2,2.824
839,2,2.825
840,2,2.826
841,2,2.827
842,2,2.828
843,2,2.829
844,2,2.830
845,3,3.1
846,3,3.2
847,3,3.3
848,3,3.4
849,3,3.5
850,3,3.6
851,3,3.7
852,3,3.8
853,3,3.9
854,3,3.10
855,3,3.11
856,3,3.12
857,3,3.13
858,3,3.14
859,3,3.15
860,3,3.16
861,3,3.17
862,3,3.18
863,3,3.19
864,3,3.20
865,3,3.21
866,3,3.22
867,3,3.23
868,3,3.24
869,3,3.25
870,3,3.26
871,3,3.27
872,3,3.28
873,3,3.29
874,3,3.30
875,3,3.31
876,3,3.32
877,3,3.33
878,3,3.34
879,3,3.35
880,3,3.36
881,3,3.37
882,3,3.38
883,3,3.39
884,3,3.40
885,3,3.41
886,3,3.42
887,3,3.43
888,3,3.44
889,3,3.45
890,3,3.46
891,3,3.47
892,3,3.48
893,3,3.49
894,3,3.50
895,3,3.51
896,3,3.52
897,3,3.53
898,3,3.54
899,3,3.55
900,3,3.56
901,3,3.57
902,3,3.58
903,3,3.59
904,3,3.60
905,3,3.61
906,3,3.62
907,3,3.63
908,3,3.64
909,3,3.65
910,3,3.66
911,3,3.67
912,3,3.68
913,3,3.69
914,3,3.70
915,3,3.71
916,3,3.72
917,3,3.73
918,3,3.74
919,3,3.75
920,3,3.76
921,3,3.77
922,3,3.78
923,3,3.79
924,3,3.80
925,3,3.81
926,3,3.82
927,3,3.83
928,3,3.84
929,3,3.85
930,3,3.86
931,3,3.87
932,3,3.88
933,3,3.89
934,3,3.90
935,3,3.91
936,3,3.92
937,3,3.93
938,3,3.94
939,3,3.95
940,3,3.96
941,3,3.97
942,3,3.98
943,3,3.99
944,3,3.100
945,3,3.101
946,3,3.102
947,3,3.103
948,3,3.104
949,3,3.105
950,3,3.106
951,3,3.107
952,3,3.108
953,3,3.109
954,3,3.110
955,3,3.111
956,3,3.112
957,3,3.113
958,3,3.114
959,3,3.115
960,3,3.116
961,3,3.117
962,3,3.118
963,3,3.119
964,3,3.120
965,3,3.121
966,3,3.122
967,3,3.123
968,3,3.124
969,3,3.125
970,3,3.126
971,3,3.127
972,3,3.128
973,3,3.129
974,3,3.130
975,3,3.131
976,3,3.132
977,3,3.133
978,3,3.134
979,3,3.135
980,3,3.136
981,3,3.137
982,3,3.138
983,3,3.139
984,3,3.140
985,3,3.141
986,3,3.142
987,3,3.143
988,3,3.144
989,3,3.145
990,3,3.146
991,3,3.147
992,3,3.148
993,3,3.149
994,3,3.150
995,3,3.151
996,3,3.152
997,3,3.153
998,3,3.154
999,3,3.155
1000,3,3.156
1001,3,3.157
1002,3,3.158
1003,3,3.159
1004,3,3.160
1005,3,3.161
1006,3,3.162
1007,3,3.163
1008,3,3.164
1009,3,3.165
1010,3,3.166
1011,3,3.167
1012,3,3.168
1013,3,3.169
1014,3,3.170
1015,3,3.171
1016,3,3.172
1017,3,3.173
1018,3,3.174
1019,3,3.175
1020,3,3.176
1021,3,3.177
1022,3,3.178
1023,3,3.179
1024,3,3.180
1025,3,3.181
1026,3,3.182
1027,3,3.183
1028,3,3.184
1029,3,3.185
1030,3,3.186
1031,3,3.187
1032,3,3.188
1033,3,3.189
1034,3,3.190
1035,3,3.191
1036,3,3.192
1037,3,3.193
1038,3,3.194
1039,3,3.195
1040,3,3.196
1041,3,3.197
1042,3,3.198
1043,3,3.199
1044,3,3.200
1045,3,3.201
1046,3,3.202
1047,3,3.203
1048,3,3.204
1049,3,3.205
1050,3,3.206
1051,3,3.207
1052,3,3.208
1053,3,3.209
1054,3,3.210
1055,3,3.211
1056,3,3.212
1057,3,3.213
1058,3,3.214
1059,3,3.215
1060,3,3.216
1061,3,3.217
1062,3,3.218
1063,3,3.219
1064,3,3.220
1065,3,3.221
1066,3,3.222
1067,3,3.223
1068,3,3.224
1069,3,3.225
1070,3,3.226
1071,3,3.227
1072,3,3.228
1073,3,3.229
1074,3,3.230
1075,3,3.231
1076,3,3.232
1077,3,3.233
1078,3,3.234
1079,3,3.235
1080,3,3.236
1081,3,3.237
1082,3,3.238
1083,3,3.239
1084,3,3.240
1085,3,3.241
1086,3,3.242
1087,3,3.243
1088,3,3.244
1089,3,3.245
1090,3,3.246
1091,3,3.247
1092,3,3.248
1093,3,3.249
1094,3,3.250
1095,3,3.251
1096,3,3.252
1097,3,3.253
1098,3,3.254
1099,3,3.255
1100,3,3.256
1101,3,3.257
1102,3,3.258
1103,3,3.259
1104,3,3.260
1105,3,3.261
1106,3,3.262
1107,3,3.263
1108,3,3.264
1109,3,3.265
1110,3,3.266
1111,3,3.267
1112,3,3.268
1113,3,3.269
1114,3,3.270
1115,3,3.271
1116,3,3.272
1117,3,3.273
1118,3,3.274
1119,3,3.275
1120,3,3.276
1121,3,3.277
1122,3,3.278
1123,3,3.279
1124,3,3.280
1125,3,3.281
1126,3,3.282
1127,3,3.283
1128,3,3.284
1129,3,3.285
1130,3,3.286
1131,3,3.287
1132,3,3.288
1133,3,3.289
1134,3,3.290
1135,3,3.291
1136,3,3.292
1137,3,3.293
1138,3,3.294
1139,3,3.295
1140,3,3.296
1141,3,3.297
1142,3,3.298
1143,3,3.299
1144,3,3.300
1145,3,3.301
1146,4,4.1
1147,4,4.2
1148,4,4.3
1149,4,4.4
1150,4,4.5
1151,4,4.6
1152,4,4.7
1153,4,4.8
1154,4,4.9
1155,4,4.10
1156,4,4.11
1157,4,4.12
1158,4,4.13
1159,4,4.14
1160,4,4.15
1161,4,4.16
1162,4,4.17
1163,4,4.18
1164,4,4.19
1165,4,4.20
1166,4,4.21
1167,4,4.22
1168,4,4.23
1169,4,4.24
1170,4,4.25
1171,4,4.26
1172,4,4.27
1173,4,4.28
1174,4,4.29
1175,4,4.30
1176,4,4.31
1177,4,4.32
1178,4,4.33
1179,4,4.34
1180,4,4.35
1181,4,4.36
1182,4,4.37
1183,4,4.38
1184,4,4.39
1185,4,4.40
1186,4,4.41
1187,4,4.42
1188,4,4.43
1189,4,4.44
1190,4,4.45
1191,4,4.46
1192,4,4.47
1193,4,4.48
1194,4,4.49
1195,4,4.50
1196,4,4.51
1197,4,4.52
1198,4,4.53
1199,4,4.54
1200,4,4.55
1201,4,4.56
1202,4,4.57
1203,4,4.58
1204,4,4.59
1205,4,4.60
1206,4,4.61
1207,4,4.62
1208,4,4.63
1209,4,4.64
1210,4,4.65
1211,4,4.66
1212,4,4.67
1213,4,4.68
1214,4,4.69
1215,4,4.70
1216,4,4.71
1217,4,4.72
1218,4,4.73
1219,4,4.74
1220,4,4.75
1221,4,4.76
1222,4,4.77
1223,4,4.78
1224,4,4.79
1225,4,4.80
1226,4,4.81
1227,4,4.82
1228,4,4.83
1229,4,4.84
1230,4,4.85
1231,4,4.86
1232,4,4.87
1233,4,4.88
1234,4,4.89
1235,4,4.90
1236,4,4.91
1237,4,4.92
1238,4,4.93
1239,4,4.94
1240,4,4.95
1241,4,4.96
1242,4,4.97
1243,4,4.98
1244,4,4.99
1245,4,4.100
1246,4,4.101
1247,4,4.102
1248,4,4.103
1249,4,4.104
1250,4,4.105
1251,4,4.106
1252,4,4.107
1253,4,4.108
1254,4,4.109
1255,4,4.110
1256,4,4.111
1257,4,4.112
1258,4,4.113
1259,4,4.114
1260,4,4.115
1261,4,4.116
1262,4,4.117
1263,4,4.118
1264,4,4.119
1265,4,4.120
1266,4,4.121
1267,4,4.122
1268,4,4.123
1269,4,4.124
1270,4,4.125
1271,4,4.126
1272,4,4.127
1273,4,4.128
1274,4,4.129
1275,4,4.130
1276,4,4.131
1277,4,4.132
1278,4,4.133
1279,4,4.134
1280,4,4.135
1281,4,4.136
1282,4,4.137
1283,4,4.138
1284,4,4.139
1285,4,4.140
1286,4,4.141
1287,4,4.142
1288,4,4.143
1289,4,4.144
1290,4,4.145
1291,4,4.146
1292,4,4.147
1293,4,4.148
1294,4,4.149
1295,4,4.150
1296,4,4.151
1297,4,4.152
1298,4,4.153
1299,4,4.154
1300,4,4.155
1301,4,4.156
1302,4,4.157
1303,4,4.158
1304,4,4.159
1305,4,4.160
1306,4,4.161
1307,4,4.162
1308,4,4.163
1309,4,4.164
1310,4,4.165
1311,4,4.166
1312,4,4.167
1313,4,4.168
1314,4,4.169
1315,4,4.170
1316,4,4.171
1317,4,4.172
1318,4,4.173
1319,4,4.174
1320,4,4.175
1321,4,4.176
1322,4,4.177
1323,4,4.178
1324,4,4.179
1325,4,4.180
1326,4,4.181
1327,4,4.182
1328,4,4.183
1329,4,4.184
1330,4,4.185
1331,4,4.186
1332,4,4.187
1333,4,4.188
1334,4,4.189
1335,4,4.190
1336,4,4.191
1337,4,4.192
1338,4,4.193
1339,4,4.194
1340,4,4.195
1341,4,4.196
1342,4,4.197
1343,4,4.198
1344,4,4.199
1345,4,4.200
1346,4,4.201
1347,4,4.202
1348,4,4.203
1349,4,4.204
1350,4,4.205
1351,4,4.206
1352,4,4.207
1353,4,4.208
1354,4,4.209
1355,4,4.210
1356,4,4.211
1357,4,4.212
1358,4,4.213
1359,4,4.214
1360,4,4.215
1361,4,4.216
1362,4,4.217
1363,4,4.218
1364,4,4.219
1365,4,4.220
1366,4,4.221
1367,4,4.222
1368,4,4.223
1369,4,4.224
1370,4,4.225
1371,4,4.226
1372,4,4.227
1373,4,4.228
1374,4,4.229
1375,4,4.230
1376,4,4.231
1377,4,4.232
1378,4,4.233
1379,4,4.234
1380,4,4.235
1381,4,4.236
1382,4,4.237
1383,4,4.238
1384,4,4.239
1385,4,4.240
1386,4,4.241
1387,4,4.242
1388,4,4.243
1389,4,4.244
1390,4,4.245
1391,4,4.246
1392,4,4.247
1393,4,4.248
1394,4,4.249
1395,4,4.250
1396,4,4.251
1397,4,4.252
1398,4,4.253
1399,4,4.254
1400,4,4.255
1401,4,4.256
1402,4,4.257
1403,4,4.258
1404,4,4.259
1405,4,4.260
1406,4,4.261
1407,4,4.262
1408,4,4.263
1409,4,4.264
1410,4,4.265
1411,4,4.266
1412,4,4.267
1413,4,4.268
1414,4,4.269
1415,4,4.270
1416,4,4.271
1417,4,4.272
1418,4,4.273
1419,4,4.274
1420,4,4.275
1421,4,4.276
1422,4,4.277
1423,4,4.278
1424,4,4.279
1425,4,4.280
1426,4,4.281
1427,4,4.282
1428,4,4.283
1429,4,4.284
1430,4,4.285
1431,4,4.286
1432,4,4.287
1433,4,4.288
1434,4,4.289
1435,4,4.290
1436,4,4.291
1437,4,4.292
1438,4,4.293
1439,4,4.294
1440,4,4.295
1441,4,4.296
1442,4,4.297
1443,4,4.298
1444,4,4.299
1445,4,4.300
1446,4,4.301
1447,4,4.302
1448,5,5.1
1449,5,5.2
1450,5,5.3
1451,5,5.4
1452,5,5.5
1453,5,5.6
1454,5,5.7
1455,5,5.8
1456,5,5.9
1457,5,5.10
1458,5,5.11
1459,5,5.12
1460,5,5.13
1461,5,5.14
1462,5,5.15
1463,5,5.16
1464,5,5.17
1465,5,5.18
1466,5,5.19
1467,5,5.20
1468,5,5.21
1469,5,5.22
1470,5,5.23
1471,5,5.24
1472,5,5.25
1473,5,5.26
1474,5,5.27
1475,5,5.28
1476,5,5.29
1477,5,5.30
1478,5,5.31
1479,5,5.32
1480,5,5.33
1481,5,5.34
1482,5,5.35
1483,5,5.36
1484,5,5.37
1485,5,5.38
1486,5,5.39
1487,5,5.40
1488,5,5.41
1489,5,5.42
1490,5,5.43
1491,5,5.44
1492,5,5.45
1493,5,5.46
1494,5,5.47
1495,5,5.48
1496,5,5.49
1497,5,5.50
1498,5,5.51
1499,5,5.52
1500,5,5.53
1501,5,5.54
1502,5,5.55
1503,5,5.56
1504,5,5.57
1505,5,5.58
1506,5,5.59
1507,5,5.60
1508,5,5.61
1509,5,5.62
1510,5,5.63
1511,5,5.64
1512,5,5.65
1513,5,5.66
1514,5,5.67
1515,5,5.68
1516,5,5.69
1517,5,5.70
1518,5,5.71
1519,5,5.72
1520,5,5.73
1521,5,5.74
1522,5,5.75
1523,5,5.76
1524,5,5.77
1525,5,5.78
1526,5,5.79
1527,5,5.80
1528,5,5.81
1529,5,5.82
1530,5,5.83
1531,5,5.84
1532,5,5.85
1533,5,5.86
1534,5,5.87
1535,5,5.88
1536,5,5.89
1537,5,5.90
1538,5,5.91
1539,5,5.92
1540,5,5.93
1541,5,5.94
1542,5,5.95
1543,5,5.96
1544,5,5.97
1545,5,5.98
1546,5,5.99
1547,5,5.100
1548,5,5.101
1549,5,5.102
1550,5,5.103
1551,5,5.104
1552,5,5.105
1553,5,5.106
1554,5,5.107
1555,5,5.108
1556,5,5.109
1557,5,5.110
1558,5,5.111
1559,5,5.112
1560,5,5.113
1561,5,5.114
1562,5,5.115
1563,5,5.116
1564,5,5.117
1565,5,5.118
1566,5,5.119
1567,5,5.120
1568,5,5.121
1569,5,5.122
1570,5,5.123
1571,5,5.124
1572,5,5.125
1573,5,5.126
1574,5,5.127
1575,5,5.128
1576,5,5.129
1577,5,5.130
1578,5,5.131
1579,5,5.132
1580,5,5.133
1581,5,5.134
1582,5,5.135
1583,5,5.136
1584,5,5.137
1585,5,5.138
1586,5,5.139
1587,5,5.140
1588,5,5.141
1589,5,5.142
1590,5,5.143
1591,5,5.144
1592,5,5.145
1593,5,5.146
1594,5,5.147
1595,5,5.148
1596,5,5.149
1597,5,5.150
1598,5,5.151
1599,5,5.152
1600,5,5.153
1601,5,5.154
1602,5,5.155
1603,5,5.156
1604,5,5.157
1605,5,5.158
1606,5,5.159
1607,5,5.160
1608,5,5.161
1609,5,5.162
1610,5,5.163
1611,5,5.164
1612,5,5.165
1613,5,5.166
1614,5,5.167
1615,5,5.168
1616,5,5.169
1617,5,5.170
1618,5,5.171
1619,5,5.172
1620,5,5.173
1621,5,5.174
1622,5,5.175
1623,5,5.176
1624,5,5.177
1625,5,5.178
1626,5,5.179
1627,5,5.180
1628,5,5.181
1629,5,5.182
1630,5,5.183
1631,5,5.184
1632,5,5.185
1633,5,5.186
1634,5,5.187
1635,5,5.188
1636,5,5.189
1637,5,5.190
1638,5,5.191
1639,5,5.192
1640,5,5.193
1641,5,5.194
1642,5,5.195
1643,5,5.196
1644,5,5.197
1645,5,5.198
1646,5,5.199
1647,5,5.200
1648,5,5.201
1649,5,5.202
1650,5,5.203
1651,5,5.204
1652,5,5.205
1653,5,5.206
1654,5,5.207
1655,5,5.208
1656,5,5.209
1657,5,5.210
1658,5,5.211
1659,5,5.212
1660,5,5.213
1661,5,5.214
1662,5,5.215
1663,5,5.216
1664,5,5.217
1665,5,5.218
1666,5,5.219
1667,5,5.220
1668,5,5.221
1669,5,5.222
1670,5,5.223
1671,5,5.224
1672,5,5.225
1673,5,5.226
1674,5,5.227
1675,5,5.228
1676,5,5.229
1677,5,5.230
1678,5,5.231
1679,5,5.232
1680,5,5.233
1681,5,5.234
1682,5,5.235
1683,5,5.236
1684,5,5.237
1685,5,5.238
1686,5,5.239
1687,5,5.240
1688,5,5.241
1689,5,5.242
1690,5,5.243
1691,5,5.244
1692,5,5.245
1693,5,5.246
1694,5,5.247
1695,5,5.248
1696,5,5.249
1697,5,5.250
1698,5,5.251
1699,5,5.252
1700,5,5.253
1701,5,5.254
1702,5,5.255
1703,5,5.256
1704,6,6.1
1705,6,6.2
1706,6,6.3
1707,6,6.4
1708,6,6.5
1709,6,6.6
1710,6,6.7
1711,6,6.8
1712,6,6.9
1713,6,6.10
1714,6,6.11
1715,6,6.12
1716,6,6.13
1717,6,6.14
1718,6,6.15
1719,6,6.16
1720,6,6.17
1721,6,6.18
1722,6,6.19
1723,6,6.20
1724,6,6.21
1725,6,6.22
1726,6,6.23
1727,6,6.24
1728,6,6.25
1729,6,6.26
1730,6,6.27
1731,6,6.28
1732,6,6.29
1733,6,6.30
1734,6,6.31
1735,6,6.32
1736,6,6.33
1737,6,6.34
1738,6,6.35
1739,6,6.36
1740,6,6.37
1741,6,6.38
1742,6,6.39
1743,6,6.40
1744,6,6.41
1745,6,6.42
1746,6,6.43
1747,6,6.44
1748,6,6.45
1749,6,6.46
1750,6,6.47
1751,6,6.48
1752,6,6.49
1753,6,6.50
1754,6,6.51
1755,6,6.52
1756,6,6.53
1757,6,6.54
1758,6,6.55
1759,6,6.56
1760,6,6.57
1761,6,6.58
1762,6,6.59
1763,6,6.60
1764,6,6.61
1765,6,6.62
1766,6,6.63
1767,6,6.64
1768,6,6.65
1769,6,6.66
1770,6,6.67
1771,6,6.68
1772,6,6.69
1773,6,6.70
1774,6,6.71
1775,6,6.72
1776,6,6.73
1777,6,6.74
1778,6,6.75
1779,6,6.76
1780,6,6.77
1781,6,6.78
1782,6,6.79
1783,6,6.80
1784,6,6.81
1785,6,6.82
1786,6,6.83
1787,6,6.84
1788,6,6.85
1789,6,6.86
1790,6,6.87
1791,6,6.88
1792,6,6.89
1793,6,6.90
1794,6,6.91
1795,6,6.92
1796,6,6.93
1797,6,6.94
1798,6,6.95
1799,6,6.96
1800,6,6.97
1801,6,6.98
1802,6,6.99
1803,6,6.100
1804,6,6.101
1805,6,6.102
1806,6,6.103
1807,6,6.104
1808,6,6.105
1809,6,6.106
1810,6,6.107
1811,6,6.108
1812,6,6.109
1813,6,6.110
1814,6,6.111
1815,6,6.112
1816,6,6.113
1817,6,6.114
1818,6,6.115
1819,6,6.116
1820,6,6.117
1821,6,6.118
1822,6,6.119
1823,6,6.120
1824,6,6.121
1825,6,6.122
1826,6,6.123
1827,6,6.124
1828,6,6.125
1829,6,6.126
1830,6,6.127
1831,6,6.128
1832,6,6.129
1833,6,6.130
1834,6,6.131
1835,6,6.132
1836,6,6.133
1837,6,6.134
1838,6,6.135
1839,6,6.136
1840,6,6.137
1841,6,6.138
1842,6,6.139
1843,6,6.140
1844,6,6.141
1845,6,6.142
1846,6,6.143
1847,6,6.144
1848,6,6.145
1849,6,6.146
1850,6,6.147
1851,6,6.148
1852,6,6.149
1853,6,6.150
1854,6,6.151
1855,6,6.152
1856,6,6.153
1857,6,6.154
1858,6,6.155
1859,6,6.156
1860,6,6.157
1861,6,6.158
1862,6,6.159
1863,6,6.160
1864,6,6.161
1865,6,6.162
1866,6,6.163
1867,6,6.164
1868,6,6.165
1869,6,6.166
1870,6,6.167
1871,6,6.168
1872,6,6.169
1873,6,6.170
1874,6,6.171
1875,6,6.172
1876,6,6.173
1877,6,6.174
1878,6,6.175
1879,6,6.176
1880,6,6.177
1881,6,6.178
1882,6,6.179
1883,6,6.180
1884,6,6.181
1885,6,6.182
1886,6,6.183
1887,6,6.184
1888,6,6.185
1889,6,6.186
1890,6,6.187
1891,6,6.188
1892,6,6.189
1893,6,6.190
1894,6,6.191
1895,6,6.192
1896,6,6.193
1897,6,6.194
1898,6,6.195
1899,6,6.196
1900,6,6.197
1901,6,6.198
1902,6,6.199
1903,6,6.200
1904,6,6.201
1905,6,6.202
1906,6,6.203
1907,6,6.204
1908,6,6.205
1909,6,6.206
1910,6,6.207
1911,6,6.208
1912,6,6.209
1913,6,6.210
1914,6,6.211
1915,6,6.212
1916,6,6.213
1917,6,6.214
1918,6,6.215
1919,6,6.216
1920,6,6.217
1921,6,6.218
1922,6,6.219
1923,6,6.220
1924,6,6.221
1925,6,6.222
1926,6,6.223
1927,6,6.224
1928,6,6.225
1929,6,6.226
1930,6,6.227
1931,6,6.228
1932,6,6.229
1933,6,6.230
1934,6,6.231
1935,6,6.232
1936,6,6.233
1937,6,6.234
1938,6,6.235
1939,6,6.236
1940,6,6.237
1941,6,6.238
1942,6,6.239
1943,6,6.240
1944,6,6.241
1945,7,7.1
1946,7,7.2
1947,7,7.3
1948,7,7.4
1949,7,7.5
1950,7,7.6
1951,7,7.7
1952,7,7.8
1953,7,7.9
1954,7,7.10
1955,7,7.11
1956,7,7.12
1957,7,7.13
1958,7,7.14
1959,7,7.15
1960,7,7.16
1961,7,7.17
1962,7,7.18
1963,7,7.19
1964,7,7.20
1965,7,7.21
1966,7,7.22
1967,7,7.23
1968,7,7.24
1969,7,7.25
1970,7,7.26
1971,7,7.27
1972,7,7.28
1973,7,7.29
1974,7,7.30
1975,7,7.31
1976,7,7.32
1977,7,7.33
1978,7,7.34
1979,7,7.35
1980,7,7.36
1981,7,7.37
1982,7,7.38
1983,7,7.39
1984,7,7.40
1985,7,7.41
1986,7,7.42
1987,7,7.43
1988,7,7.44
1989,7,7.45
1990,7,7.46
1991,7,7.47
1992,7,7.48
1993,7,7.49
1994,7,7.50
1995,7,7.51
1996,7,7.52
1997,7,7.53
1998,7,7.54
1999,7,7.55
2000,7,7.56
2001,7,7.57
2002,7,7.58
2003,7,7.59
2004,7,7.60
2005,7,7.61
2006,7,7.62
2007,7,7.63
2008,7,7.64
2009,7,7.65
2010,7,7.66
2011,7,7.67
2012,7,7.68
2013,7,7.69
2014,7,7.70
2015,7,7.71
2016,7,7.72
2017,7,7.73
2018,7,7.74
2019,7,7.75
2020,7,7.76
2021,7,7.77
2022,7,7.78
2023,7,7.79
2024,7,7.80
2025,7,7.81
2026,7,7.82
2027,7,7.83
2028,7,7.84
2029,7,7.85
2030,7,7.86
2031,7,7.87
2032,7,7.88
2033,7,7.89
2034,7,7.90
2035,7,7.91
2036,7,7.92
2037,7,7.93
2038,7,7.94
2039,7,7.95
2040,7,7.96
2041,7,7.97
2042,7,7.98
2043,7,7.99
2044,7,7.100
2045,7,7.101
2046,7,7.102
2047,7,7.103
2048,7,7.104
2049,7,7.105
2050,7,7.106
2051,7,7.107
2052,7,7.108
2053,7,7.109
2054,7,7.110
2055,7,7.111
2056,7,7.112
2057,7,7.113
2058,7,7.114
2059,7,7.115
2060,7,7.116
2061,7,7.117
2062,7,7.118
2063,7,7.119
2064,7,7.120
2065,7,7.121
2066,7,7.122
2067,7,7.123
2068,7,7.124
2069,7,7.125
2070,7,7.126
2071,7,7.127
2072,7,7.128
2073,7,7.129
2074,7,7.130
2075,7,7.131
2076,7,7.132
2077,7,7.133
2078,7,7.134
2079,7,7.135
2080,7,7.136
2081,7,7.137
2082,7,7.138
2083,7,7.139
2084,7,7.140
2085,7,7.141
2086,7,7.142
2087,7,7.143
2088,7,7.144
2089,7,7.145
2090,7,7.146
2091,7,7.147
2092,7,7.148
2093,7,7.149
2094,7,7.150
2095,7,7.151
2096,7,7.152
2097,7,7.153
2098,7,7.154
2099,7,7.155
2100,7,7.156
2101,7,7.157
2102,7,7.158
2103,7,7.159
2104,7,7.160
2105,7,7.161
2106,7,7.162
2107,7,7.163
2108,7,7.164
2109,7,7.165
2110,7,7.166
2111,7,7.167
2112,7,7.168
2113,7,7.169
2114,7,7.170
2115,7,7.171
2116,7,7.172
2117,7,7.173
2118,7,7.174
2119,7,7.175
2120,7,7.176
2121,7,7.177
2122,7,7.178
2123,7,7.179
2124,7,7.180
2125,7,7.181
2126,7,7.182
2127,7,7.183
2128,7,7.184
2129,7,7.185
2130,7,7.186
2131,7,7.187
2132,7,7.188
2133,7,7.189
2134,7,7.190
2135,7,7.191
2136,7,7.192
2137,7,7.193
2138,7,7.194
2139,7,7.195
2140,7,7.196
2141,7,7.197
2142,7,7.198
2143,7,7.199
2144,7,7.200
2145,7,7.201
2146,7,7.202
2147,7,7.203
2148,7,7.204
2149,7,7.205
2150,7,7.206
2151,7,7.207
2152,7,7.208
2153,7,7.209
2154,7,7.210
2155,7,7.211
2156,7,7.212
2157,7,7.213
2158,7,7.214
2159,7,7.215
2160,7,7.216
2161,7,7.217
2162,7,7.218
2163,7,7.219
2164,7,7.220
2165,7,7.221
2166,7,7.222
2167,7,7.223
2168,7,7.224
2169,7,7.225
2170,7,7.226
2171,7,7.227
2172,7,7.228
2173,7,7.229
2174,7,7.230
2175,7,7.231
2176,7,7.232
2177,7,7.233
2178,7,7.234
2179,7,7.235
2180,8,8.1
2181,8,8.2
2182,8,8.3
2183,8,8.4
2184,8,8.5
2185,8,8.6
2186,8,8.7
2187,8,8.8
2188,8,8.9
2189,8,8.10
2190,8,8.11
2191,8,8.12
2192,8,8.13
2193,8,8.14
2194,8,8.15
2195,8,8.16
2196,8,8.17
2197,8,8.18
2198,8,8.19
2199,8,8.20
2200,8,8.21
2201,8,8.22
2202,8,8.23
2203,8,8.24
2204,8,8.25
2205,8,8.26
2206,8,8.27
2207,8,8.28
2208,8,8.29
2209,8,8.30
2210,8,8.31
2211,8,8.32
2212,8,8.33
2213,8,8.34
2214,8,8.35
2215,8,8.36
2216,8,8.37
2217,8,8.38
2218,8,8.39
2219,8,8.40
2220,8,8.41
2221,8,8.42
2222,8,8.43
2223,8,8.44
2224,8,8.45
2225,8,8.46
2226,8,8.47
2227,8,8.48
2228,8,8.49
2229,8,8.50
2230,8,8.51
2231,8,8.52
2232,8,8.53
2233,8,8.54
2234,8,8.55
2235,8,8.56
2236,8,8.57
2237,8,8.58
2238,8,8.59
2239,8,8.60
2240,8,8.61
2241,8,8.62
2242,8,8.63
2243,8,8.64
2244,8,8.65
2245,8,8.66
2246,8,8.67
2247,8,8.68
2248,8,8.69
2249,8,8.70
2250,8,8.71
2251,8,8.72
2252,8,8.73
2253,8,8.74
2254,8,8.75
2255,8,8.76
2256,8,8.77
2257,8,8.78
2258,8,8.79
2259,8,8.80
2260,8,8.81
2261,8,8.82
2262,8,8.83
2263,9,9.1
2264,9,9.2
2265,9,9.3
2266,9,9.4
2267,9,9.5
2268,9,9.6
2269,9,9.7
2270,9,9.8
2271,9,9.9
2272,9,9.10
2273,9,9.11
2274,9,9.12
2275,9,9.13
2276,9,9.14
2277,9,9.15
2278,9,9.16
2279,9,9.17
2280,9,9.18
2281,9,9.19
2282,9,9.20
2283,9,9.21
2284,9,9.22
2285,9,9.23
2286,9,9.24
2287,9,9.25
2288,9,9.26
2289,9,9.27
2290,9,9.28
2291,9,9.29
2292,9,9.30
2293,9,9.31
2294,9,9.32
2295,9,9.33
2296,9,9.34
2297,9,9.35
2298,9,9.36
2299,9,9.37
2300,9,9.38
2301,9,9.39
2302,9,9.40
2303,9,9.41
2304,9,9.42
2305,9,9.43
2306,9,9.44
2307,9,9.45
2308,9,9.46
2309,9,9.47
2310,9,9.48
2311,9,9.49
2312,9,9.50
2313,9,9.51
2314,9,9.52
2315,9,9.53
2316,9,9.54
2317,9,9.55
2318,9,9.56
2319,9,9.57
2320,9,9.58
2321,9,9.59
2322,9,9.60
2323,9,9.61
2324,9,9.62
2325,9,9.63
2326,9,9.64
2327,9,9.65
2328,9,9.66
2329,9,9.67
2330,9,9.68
2331,9,9.69
2332,9,9.70
2333,9,9.71
2334,9,9.72
2335,9,9.73
2336,9,9.74
2337,9,9.75
2338,9,9.76
2339,9,9.77
2340,9,9.78
2341,9,9.79
2342,9,9.80
2343,9,9.81
2344,9,9.82
2345,9,9.83
2346,9,9.84
2347,9,9.85
2348,9,9.86
2349,9,9.87
2350,9,9.88
2351,9,9.89
2352,9,9.90
2353,9,9.91
2354,9,9.92
2355,9,9.93
2356,9,9.94
2357,9,9.95
2358,9,9.96
2359,9,9.97
2360,9,9.98
2361,9,9.99
2362,9,9.100
2363,9,9.101
2364,9,9.102
2365,9,9.103
2366,9,9.104
2367,9,9.105
2368,9,9.106
2369,9,9.107
2370,9,9.108
2371,9,9.109
2372,9,9.110
2373,9,9.111
2374,9,9.112
2375,9,9.113
2376,9,9.114
2377,9,9.115
2378,9,9.116
2379,9,9.117
2380,9,9.118
2381,9,9.119
2382,9,9.120
2383,9,9.121
2384,9,9.122
2385,9,9.123
2386,9,9.124
2387,9,9.125
2388,9,9.126
2389,9,9.127
2390,9,9.128
2391,9,9.129
2392,9,9.130
2393,9,9.131
2394,10,10.1
2395,10,10.2
2396,10,10.3
2397,10,10.4
2398,10,10.5
2399,10,10.6
2400,10,10.7
2401,10,10.8
2402,10,10.9
2403,10,10.10
2404,10,10.11
2405,10,10.12
2406,10,10.13
2407,10,10.14
2408,10,10.15
2409,10,10.16
2410,10,10.17
2411,10,10.18
2412,10,10.19
2413,10,10.20
2414,10,10.21
2415,10,10.22
2416,10,10.23
2417,10,10.24
2418,10,10.25
2419,10,10.26
2420,10,10.27
2421,10,10.28
2422,10,10.29
2423,10,10.30
2424,10,10.31
2425,10,10.32
2426,10,10.33
2427,10,10.34
2428,10,10.35
2429,10,10.36
2430,10,10.37
2431,10,10.38
2432,10,10.39
2433,10,10.40
2434,10,10.41
2435,10,10.42
2436,10,10.43
2437,10,10.44
2438,10,10.45
2439,10,10.46
2440,10,10.47
2441,10,10.48
2442,10,10.49
2443,10,10.50
2444,10,10.51
2445,10,10.52
2446,10,10.53
2447,10,10.54
2448,10,10.55
2449,10,10.56
2450,10,10.57
2451,10,10.58
2452,10,10.59
2453,10,10.60
2454,10,10.61
2455,10,10.62
2456,10,10.63
2457,10,10.64
2458,10,10.65
2459,10,10.66
2460,10,10.67
2461,10,10.68
2462,10,10.69
2463,10,10.70
2464,10,10.71
2465,10,10.72
2466,10,10.73
2467,10,10.74
2468,10,10.75
2469,10,10.76
2470,10,10.77
2471,10,10.78
2472,10,10.79
2473,10,10.80
2474,10,10.81
2475,10,10.82
2476,10,10.83
2477,10,10.84
2478,10,10.85
2479,10,10.86
2480,10,10.87
2481,10,10.88
2482,10,10.89
2483,10,10.90
2484,10,10.91
2485,10,10.92
2486,10,10.93
2487,10,10.94
2488,10,10.95
2489,10,10.96
2490,10,10.97
2491,10,10.98
2492,10,10.99
2493,10,10.100
2494,10,10.101
2495,10,10.102
2496,10,10.103
2497,10,10.104
2498,10,10.105
2499,10,10.106
2500,10,10.107
2501,10,10.108
2502,11,11.1
2503,11,11.2
2504,11,11.3
2505,11,11.4
2506,11,11.5
2507,11,11.6
2508,11,11.7
2509,11,11.8
2510,11,11.9
2511,11,11.10
2512,11,11.11
2513,11,11.12
2514,11,11.13
2515,11,11.14
2516,11,11.15
2517,11,11.16
2518,11,11.17
2519,11,11.18
2520,11,11.19
2521,11,11.20
2522,11,11.21
2523,11,11.22
2524,11,11.23
2525,11,11.24
2526,11,11.25
2527,11,11.26
2528,11,11.27
2529,11,11.28
2530,11,11.29
2531,11,11.30
2532,11,11.31
2533,11,11.32
2534,11,11.33
2535,11,11.34
2536,11,11.35
2537,11,11.36
2538,11,11.37
2539,11,11.38
2540,11,11.39
2541,11,11.40
2542,11,11.41
2543,11,11.42
2544,11,11.43
2545,11,11.44
2546,11,11.45
2547,11,11.46
2548,11,11.47
2549,11,11.48
2550,11,11.49
2551,11,11.50
2552,11,11.51
2553,11,11.52
2554,11,11.53
2555,11,11.54
2556,11,11.55
2557,11,11.56
2558,11,11.57
2559,11,11.58
2560,11,11.59
2561,11,11.60
2562,11,11.61
2563,11,11.62
2564,11,11.63
2565,11,11.64
2566,11,11.65
2567,11,11.66
2568,11,11.67
2569,11,11.68
2570,11,11.69
2571,11,11.70
2572,11,11.71
2573,11,11.72
2574,11,11.73
2575,11,11.74
2576,11,11.75
2577,11,11.76
2578,11,11.77
2579,11,11.78
2580,11,11.79
2581,11,11.80
2582,11,11.81
2583,11,11.82
2584,11,11.83
2585,11,11.84
2586,11,11.85
2587,11,11.86
2588,11,11.87
2589,11,11.88
2590,11,11.89
2591,11,11.90
2592,11,11.91
2593,11,11.92
2594,11,11.93
2595,11,11.94
2596,11,11.95
2597,11,11.96
2598,11,11.97
2599,11,11.98
2600,11,11.99
2601,11,11.100
2602,11,11.101
2603,11,11.102
2604,11,11.103
2605,11,11.104
2606,11,11.105
2607,11,11.106
2608,11,11.107
2609,11,11.108
2610,11,11.109
2611,11,11.110
2612,11,11.111
2613,11,11.112
2614,12,12.1
2615,12,12.2
2616,12,12.3
2617,12,12.4
2618,12,12.5
2619,12,12.6
2620,12,12.7
2621,12,12.8
2622,12,12.9
2623,12,12.10
2624,12,12.11
2625,12,12.12
2626,12,12.13
2627,12,12.14
2628,12,12.15
2629,12,12.16
2630,12,12.17
2631,12,12.18
2632,12,12.19
2633,12,12.20
2634,12,12.21
2635,12,12.22
2636,12,12.23
2637,12,12.24
2638,12,12.25
2639,12,12.26
2640,12,12.27
2641,12,12.28
2642,12,12.29
2643,12,12.30
2644,12,12.31
2645,12,12.32
2646,12,12.33
2647,12,12.34
2648,12,12.35
2649,12,12.36
2650,12,12.37
2651,12,12.38
2652,12,12.39
2653,12,12.40
2654,12,12.41
2655,12,12.42
2656,12,12.43
2657,12,12.44
2658,12,12.45
2659,12,12.46
2660,12,12.47
2661,12,12.48
2662,12,12.49
2663,12,12.50
2664,12,12.51
2665,12,12.52
2666,12,12.53
2667,12,12.54
2668,12,12.55
2669,12,12.56
2670,12,12.57
2671,12,12.58
2672,12,12.59
2673,12,12.60
2674,12,12.61
2675,12,12.62
2676,12,12.63
2677,12,12.64
2678,12,12.65
2679,12,12.66
2680,12,12.67
2681,12,12.68
2682,12,12.69
2683,12,12.70
2684,12,12.71
2685,12,12.72
2686,12,12.73
2687,12,12.74
2688,12,12.75
2689,12,12.76
2690,12,12.77
2691,12,12.78
2692,12,12.79
2693,12,12.80
2694,12,12.81
2695,12,12.82
2696,12,12.83
2697,12,12.84
2698,12,12.85
2699,12,12.86
2700,12,12.87
2701,12,12.88
2702,12,12.89
2703,12,12.90
2704,12,12.91
2705,13,13.1
2706,13,13.2
2707,13,13.3
2708,13,13.4
2709,13,13.5
2710,13,13.6
2711,13,13.7
2712,13,13.8
2713,13,13.9
2714,13,13.10
2715,13,13.11
2716,13,13.12
2717,13,13.13
2718,13,13.14
2719,13,13.15
2720,13,13.16
2721,13,13.17
2722,13,13.18
2723,13,13.19
2724,13,13.20
2725,13,13.21
2726,13,13.22
2727,13,13.23
2728,13,13.24
2729,13,13.25
2730,13,13.26
2731,13,13.27
2732,13,13.28
2733,13,13.29
2734,13,13.30
2735,13,13.31
2736,13,13.32
2737,13,13.33
2738,13,13.34
2739,13,13.35
2740,13,13.36
2741,13,13.37
2742,13,13.38
2743,13,13.39
2744,14,14.1
2745,14,14.2
2746,14,14.3
2747,14,14.4
2748,14,14.5
2749,14,14.6
2750,14,14.7
2751,14,14.8
2752,14,14.9
2753,14,14.10
2754,14,14.11
2755,14,14.12
2756,14,14.13
2757,14,14.14
2758,14,14.15
2759,14,14.16
2760,14,14.17
2761,14,14.18
2762,14,14.19
2763,14,14.20
2764,14,14.21
2765,14,14.22
2766,14,14.23
2767,14,14.24
2768,14,14.25
2769,14,14.26
2770,14,14.27
2771,14,14.28
2772,14,14.29
2773,14,14.30
2774,14,14.31
2775,14,14.32
2776,14,14.33
2777,14,14.34
2778,14,14.35
2779,14,14.36
2780,14,14.37
2781,14,14.38
2782,14,14.39
2783,14,14.40
2784,14,14.41
2785,14,14.42
2786,14,14.43
2787,14,14.44
2788,15,15.1
2789,15,15.2
2790,15,15.3
2791,15,15.4
2792,15,15.5
2793,15,15.6
2794,15,15.7
2795,15,15.8
2796,15,15.9
2797,15,15.10
2798,15,15.11
2799,15,15.12
2800,15,15.13
2801,15,15.14
2802,15,15.15
2803,15,15.16
2804,15,15.17
2805,15,15.18
2806,15,15.19
2807,15,15.20
2808,15,15.21
2809,15,15.22
2810,15,15.23
2811,15,15.24
2812,15,15.25
2813,15,15.26
2814,15,15.27
2815,15,15.28
2816,15,15.29
2817,15,15.30
2818,15,15.31
2819,15,15.32
2820,15,15.33
2821,15,15.34
2822,15,15.35
2823,15,15.36
2824,15,15.37
2825,15,15.38
2826,15,15.39
2827,15,15.40
2828,15,15.41
2829,15,15.42
2830,15,15.43
2831,15,15.44
2832,15,15.45
2833,15,15.46
2834,15,15.47
2835,15,15.48
2836,15,15.49
2837,15,15.50
2838,15,15.51
2839,16,16.1
2840,16,16.2
2841,16,16.3
2842,16,16.4
2843,16,16.5
2844,16,16.6
2845,16,16.7
2846,16,16.8
2847,16,16.9
2848,16,16.10
2849,16,16.11
2850,16,16.12
2851,16,16.13
2852,16,16.14
2853,16,16.15
2854,16,16.16
2855,16,16.17
2856,16,16.18
2857,16,16.19
2858,16,16.20
2859,16,16.21
2860,16,16.22
2861,16,16.23
2862,16,16.24
2863,16,16.25
2864,16,16.26
2865,16,16.27
2866,16,16.28
2867,16,16.29
2868,16,16.30
2869,16,16.31
2870,16,16.32
2871,16,16.33
2872,16,16.34
2873,16,16.35
2874,16,16.36
2875,16,16.37
2876,16,16.38
2877,16,16.39
2878,16,16.40
2879,16,16.41
2880,16,16.42
2881,16,16.43
2882,16,16.44
2883,16,16.45
2884,16,16.46
2885,16,16.47
2886,16,16.48
2887,16,16.49
2888,16,16.50
2889,16,16.51
2890,16,16.52
2891,16,16.53
2892,16,16.54
2893,16,16.55
2894,16,16.56
2895,16,16.57
2896,16,16.58
2897,16,16.59
2898,16,16.60
2899,16,16.61
2900,16,16.62
2901,16,16.63
2902,16,16.64
2903,16,16.65
2904,16,16.66
2905,16,16.67
2906,16,16.68
2907,16,16.69
2908,16,16.70
2909,16,16.71
2910,16,16.72
2911,16,16.73
2912,16,16.74
2913,16,16.75
2914,16,16.76
2915,16,16.77
2916,16,16.78
2917,16,16.79
2918,16,16.80
2919,16,16.81
2920,16,16.82
2921,16,16.83
2922,16,16.84
2923,16,16.85
2924,16,16.86
2925,16,16.87
2926,16,16.88
2927,16,16.89
2928,16,16.90
2929,16,16.91
2930,16,16.92
2931,16,16.93
2932,16,16.94
2933,16,16.95
2934,16,16.96
2935,16,16.97
2936,16,16.98
2937,16,16.99
2938,16,16.100
2939,16,16.101
2940,16,16.102
2941,16,16.103
2942,16,16.104
2943,16,16.105
2944,16,16.106
2945,16,16.107
2946,16,16.108
2947,16,16.109
2948,16,16.110
2949,16,16.111
2950,16,16.112
2951,17,17.1
2952,17,17.2
2953,17,17.3
2954,17,17.4
2955,17,17.5
2956,17,17.6
2957,17,17.7
2958,17,17.8
2959,17,17.9
2960,17,17.10
2961,17,17.11
2962,17,17.12
2963,17,17.13
2964,17,17.14
2965,17,17.15
2966,17,17.16
2967,17,17.17
2968,17,17.18
2969,17,17.19
2970,17,17.20
2971,17,17.21
2972,17,17.22
2973,17,17.23
2974,17,17.24
2975,17,17.25
2976,17,17.26
2977,17,17.27
2978,17,17.28
2979,17,17.29
2980,17,17.30
2981,17,17.31
2982,17,17.32
2983,17,17.33
2984,17,17.34
2985,17,17.35
2986,17,17.36
2987,17,17.37
2988,17,17.38
2989,17,17.39
2990,17,17.40
2991,17,17.41
2992,17,17.42
2993,17,17.43
2994,17,17.44
2995,17,17.45
2996,17,17.46
2997,17,17.47
2998,17,17.48
2999,17,17.49
3000,17,17.50
3001,17,17.51
3002,17,17.52
3003,17,17.53
3004,17,17.54
3005,17,17.55
3006,17,17.56
3007,17,17.57
3008,17,17.58
3009,17,17.59
3010,17,17.60
3011,17,17.61
3012,17,17.62
3013,17,17.63
3014,17,17.64
3015,17,17.65
3016,17,17.66
3017,17,17.67
3018,17,17.68
3019,17,17.69
3020,17,17.70
3021,17,17.71
3022,17,17.72
3023,17,17.73
3024,17,17.74
3025,17,17.75
3026,17,17.76
3027,17,17.77
3028,17,17.78
3029,17,17.79
3030,17,17.80
3031,17,17.81
3032,17,17.82
3033,17,17.83
3034,17,17.84
3035,17,17.85
3036,17,17.86
3037,17,17.87
3038,17,17.88
3039,17,17.89
3040,17,17.90
3041,17,17.91
3042,17,17.92
3043,17,17.93
3044,17,17.94
3045,17,17.95
3046,17,17.96
3047,17,17.97
3048,17,17.98
3049,17,17.99
3050,17,17.100
3051,17,17.101
3052,17,17.102
3053,18,18.1
3054,18,18.2
3055,18,18.3
3056,18,18.4
3057,18,18.5
3058,18,18.6
3059,18,18.7
3060,18,18.8
3061,18,18.9
3062,18,18.10
3063,18,18.11
3064,18,18.12
3065,18,18.13
3066,18,18.14
3067,18,18.15
3068,18,18.16
3069,18,18.17
3070,18,18.18
3071,18,18.19
3072,18,18.20
3073,18,18.21
3074,18,18.22
3075,18,18.23
3076,18,18.24
3077,18,18.25
3078,18,18.26
3079,18,18.27
3080,18,18.28
3081,18,18.29
3082,18,18.30
3083,18,18.31
3084,18,18.32
3085,18,18.33
3086,18,18.34
3087,18,18.35
3088,18,18.36
3089,18,18.37
3090,18,18.38
3091,18,18.39
3092,18,18.40
3093,18,18.41
3094,18,18.42
3095,18,18.43
3096,18,18.44
3097,18,18.45
3098,18,18.46
3099,18,18.47
3100,18,18.48
3101,18,18.49
3102,18,18.50
3103,18,18.51
3104,18,18.52
3105,18,18.53
3106,18,18.54
3107,18,18.55
3108,18,18.56
3109,18,18.57
3110,18,18.58
3111,18,18.59
3112,18,18.60
3113,18,18.61
3114,18,18.62
3115,18,18.63
3116,18,18.64
3117,18,18.65
3118,18,18.66
3119,18,18.67
3120,18,18.68
3121,18,18.69
3122,18,18.70
3123,18,18.71
3124,18,18.72
3125,18,18.73
3126,18,18.74
3127,18,18.75
3128,18,18.76
3129,18,18.77
3130,19,19.1
3131,19,19.2
3132,19,19.3
3133,19,19.4
3134,19,19.5
3135,19,19.6
3136,19,19.7
3137,19,19.8
3138,19,19.9
3139,19,19.10
3140,19,19.11
3141,19,19.12
3142,19,19.13
3143,19,19.14
3144,19,19.15
3145,19,19.16
3146,19,19.17
3147,19,19.18
3148,19,19.19
3149,19,19.20
3150,19,19.21
3151,19,19.22
3152,19,19.23
3153,19,19.24
3154,19,19.25
3155,19,19.26
3156,19,19.27
3157,19,19.28
3158,19,19.29
3159,19,19.30
3160,19,19.31
3161,19,19.32
3162,19,19.33
3163,19,19.34
3164,19,19.35
3165,19,19.36
3166,19,19.37
3167,19,19.38
3168,19,19.39
3169,19,19.40
3170,19,19.41
3171,19,19.42
3172,19,19.43
3173,19,19.44
3174,19,19.45
3175,19,19.46
3176,19,19.47
3177,19,19.48
3178,19,19.49
3179,19,19.50
3180,19,19.51
3181,19,19.52
3182,19,19.53
3183,19,19.54
3184,19,19.55
3185,19,19.56
3186,19,19.57
3187,19,19.58
3188,19,19.59
3189,19,19.60
3190,19,19.61
3191,19,19.62
3192,19,19.63
3193,19,19.64
3194,19,19.65
3195,19,19.66
3196,19,19.67
3197,20,20.1
3198,20,20.2
3199,20,20.3
3200,20,20.4
3201,20,20.5
3202,20,20.6
3203,20,20.7
3204,20,20.8
3205,20,20.9
3206,20,20.10
3207,20,20.11
3208,20,20.12
3209,20,20.13
3210,20,20.14
3211,20,20.15
3212,20,20.16
3213,20,20.17
3214,20,20.18
3215,20,20.19
3216,20,20.20
3217,20,20.21
3218,20,20.22
3219,20,20.23
3220,20,20.24
3221,20,20.25
3222,20,20.26
3223,20,20.27
3224,20,20.28
3225,20,20.29
3226,20,20.30
3227,20,20.31
3228,20,20.32
3229,20,20.33
3230,20,20.34
3231,20,20.35
3232,20,20.36
3233,20,20.37
3234,20,20.38
3235,20,20.39
3236,20,20.40
3237,20,20.41
3238,20,20.42
3239,20,20.43
3240,20,20.44
3241,20,20.45
3242,20,20.46
3243,20,20.47
3244,20,20.48
3245,20,20.49
3246,20,20.50
3247,20,20.51
3248,20,20.52
3249,20,20.53
3250,20,20.54
3251,20,20.55
3252,20,20.56
3253,20,20.57
3254,20,20.58
3255,20,20.59
3256,20,20.60
3257,20,20.61
3258,20,20.62
3259,20,20.63
3260,20,20.64
3261,20,20.65
3262,20,20.66
3263,20,20.67
3264,20,20.68
3265,20,20.69
3266,20,20.70
3267,20,20.71
3268,21,21.1
3269,21,21.2
3270,21,21.3
3271,21,21.4
3272,21,21.5
3273,21,21.6
3274,21,21.7
3275,21,21.8
3276,21,21.9
3277,21,21.10
3278,21,21.11
3279,21,21.12
3280,21,21.13
3281,21,21.14
3282,21,21.15
3283,21,21.16
3284,21,21.17
3285,21,21.18
3286,21,21.19
3287,21,21.20
3288,21,21.21
3289,21,21.22
3290,21,21.23
3291,21,21.24
3292,21,21.25
3293,21,21.26
3294,21,21.27
3295,21,21.28
3296,21,21.29
3297,21,21.30
3298,21,21.31
3299,21,21.32
3300,21,21.33
3301,21,21.34
3302,21,21.35
3303,21,21.36
3304,21,21.37
3305,21,21.38
3306,21,21.39
3307,21,21.40
3308,21,21.41
3309,21,21.42
3310,21,21.43
3311,21,21.44
3312,21,21.45
3313,21,21.46
3314,21,21.47
3315,21,21.48
3316,21,21.49
3317,21,21.50
3318,21,21.51
3319,21,21.52
3320,21,21.53
3321,21,21.54
3322,21,21.55
3323,21,21.56
3324,21,21.57
3325,21,21.58
3326,21,21.59
3327,21,21.60
3328,21,21.61
3329,21,21.62
3330,21,21.63
3331,21,21.64
3332,21,21.65
3333,21,21.66
3334,21,21.67
3335,21,21.68
3336,21,21.69
3337,21,21.70
3338,21,21.71
3339,21,21.72
3340,21,21.73
3341,21,21.74
3342,21,21.75
3343,21,21.76
3344,21,21.77
3345,21,21.78
3346,21,21.79
3347,21,21.80
3348,21,21.81
3349,21,21.82
3350,21,21.83
3351,21,21.84
3352,21,21.85
3353,22,22.1
3354,22,22.2
3355,22,22.3
3356,22,22.4
3357,22,22.5
3358,22,22.6
3359,22,22.7
3360,22,22.8
3361,22,22.9
3362,22,22.10
3363,22,22.11
3364,22,22.12
3365,22,22.13
3366,22,22.14
3367,22,22.15
3368,22,22.16
3369,22,22.17
3370,22,22.18
3371,22,22.19
3372,22,22.20
3373,22,22.21
3374,22,22.22
3375,22,22.23
3376,22,22.24
3377,22,22.25
3378,22,22.26
3379,22,22.27
3380,22,22.28
3381,22,22.29
3382,22,22.30
3383,22,22.31
3384,22,22.32
3385,22,22.33
3386,22,22.34
3387,22,22.35
3388,22,22.36
3389,22,22.37
3390,22,22.38
3391,22,22.39
3392,22,22.40
3393,22,22.41
3394,22,22.42
3395,22,22.43
3396,22,22.44
3397,22,22.45
3398,22,22.46
3399,22,22.47
3400,22,22.48
3401,22,22.49
3402,22,22.50
3403,22,22.51
3404,22,22.52
3405,22,22.53
3406,22,22.54
3407,22,22.55
3408,22,22.56
3409,22,22.57
3410,22,22.58
3411,22,22.59
3412,22,22.60
3413,22,22.61
3414,22,22.62
3415,22,22.63
3416,23,23.1
3417,23,23.2
3418,23,23.3
3419,23,23.4
3420,23,23.5
3421,23,23.6
3422,23,23.7
3423,23,23.8
3424,23,23.9
3425,23,23.10
3426,23,23.11
3427,23,23.12
3428,23,23.13
3429,23,23.14
3430,23,23.15
3431,23,23.16
3432,23,23.17
3433,23,23.18
3434,23,23.19
3435,23,23.20
3436,23,23.21
3437,23,23.22
3438,23,23.23
3439,23,23.24
3440,23,23.25
3441,23,23.26
3442,23,23.27
3443,23,23.28
3444,23,23.29
3445,23,23.30
3446,23,23.31
3447,23,23.32
3448,23,23.33
3449,23,23.34
3450,23,23.35
3451,23,23.36
3452,23,23.37
3453,23,23.38
3454,23,23.39
3455,23,23.40
3456,23,23.41
3457,23,23.42
3458,23,23.43
3459,23,23.44
3460,23,23.45
3461,23,23.46
3462,23,23.47
3463,23,23.48
3464,23,23.49
3465,23,23.50
3466,23,23.51
3467,23,23.52
3468,23,23.53
3469,23,23.54
3470,23,23.55
3471,23,23.56
3472,23,23.57
3473,23,23.58
3474,23,23.59
3475,23,23.60
3476,23,23.61
3477,23,23.62
3478,23,23.63
3479,23,23.64
3480,23,23.65
3481,23,23.66
3482,23,23.67
3483,24,24.1
3484,24,24.2
3485,24,24.3
3486,24,24.4
3487,24,24.5
3488,24,24.6
3489,24,24.7
3490,24,24.8
3491,24,24.9
3492,24,24.10
3493,24,24.11
3494,24,24.12
3495,24,24.13
3496,24,24.14
3497,24,24.15
3498,24,24.16
3499,24,24.17
3500,24,24.18
3501,24,24.19
3502,24,24.20
3503,24,24.21
3504,24,24.22
3505,24,24.23
3506,24,24.24
3507,24,24.25
3508,24,24.26
3509,24,24.27
3510,24,24.28
3511,24,24.29
3512,24,24.30
3513,24,24.31
3514,24,24.32
3515,24,24.33
3516,24,24.34
3517,24,24.35
3518,24,24.36
3519,24,24.37
3520,24,24.38
3521,24,24.39
3522,24,24.40
3523,24,24.41
3524,24,24.42
3525,24,24.43
3526,24,24.44
3527,24,24.45
3528,24,24.46
3529,24,24.47
3530,24,24.48
3531,24,24.49
3532,24,24.50
3533,24,24.51
3534,24,24.52
3535,24,24.53
3536,24,24.54
3537,24,24.55
3538,25,25.1
3539,25,25.2
3540,25,25.3
3541,25,25.4
3542,25,25.5
3543,25,25.6
3544,25,25.7
3545,25,25.8
3546,25,25.9
3547,25,25.10
3548,25,25.11
3549,25,25.12
3550,25,25.13
3551,25,25.14
3552,25,25.15
3553,25,25.16
3554,25,25.17
3555,25,25.18
3556,25,25.19
3557,25,25.20
3558,25,25.21
3559,25,25.22
3560,25,25.23
3561,25,25.24
3562,25,25.25
3563,25,25.26
3564,25,25.27
3565,25,25.28
3566,25,25.29
3567,25,25.30
3568,25,25.31
3569,25,25.32
3570,25,25.33
3571,25,25.34
3572,25,25.35
3573,25,25.36
3574,25,25.37
3575,25,25.38
3576,25,25.39
3577,25,25.40
3578,25,25.41
3579,25,25.42
3580,25,25.43
3581,25,25.44
3582,25,25.45
3583,25,25.46
3584,25,25.47
3585,25,25.48
3586,25,25.49
3587,25,25.50
3588,25,25.51
3589,25,25.52
3590,26,26.1
3591,26,26.2
3592,26,26.3
3593,26,26.4
3594,26,26.5
3595,26,26.6
3596,26,26.7
3597,26,26.8
3598,26,26.9
3599,26,26.10
3600,26,26.11
3601,26,26.12
3602,26,26.13
3603,26,26.14
3604,26,26.15
3605,26,26.16
3606,26,26.17
3607,26,26.18
3608,26,26.19
3609,26,26.20
3610,26,26.21
3611,26,26.22
3612,26,26.23
3613,26,26.24
3614,26,26.25
3615,26,26.26
3616,26,26.27
3617,26,26.28
3618,26,26.29
3619,26,26.30
3620,26,26.31
3621,26,26.32
3622,26,26.33
3623,26,26.34
3624,26,26.35
3625,26,26.36
3626,26,26.37
3627,26,26.38
3628,26,26.39
3629,26,26.40
3630,26,26.41
3631,26,26.42
3632,26,26.43
3633,26,26.44
3634,26,26.45
3635,26,26.46
3636,26,26.47
3637,26,26.48
3638,26,26.49
3639,26,26.50
3640,26,26.51
3641,26,26.52
3642,26,26.53
3643,26,26.54
3644,26,26.55
3645,26,26.56
3646,26,26.57
3647,26,26.58
3648,26,26.59
3649,26,26.60
3650,26,26.61
3651,26,26.62
3652,26,26.63
3653,26,26.64
3654,26,26.65
3655,26,26.66
3656,26,26.67
3657,26,26.68
3658,26,26.69
3659,27,27.1
3660,27,27.2
3661,27,27.3
3662,27,27.4
3663,27,27.5
3664,27,27.6
3665,27,27.7
3666,27,27.8
3667,27,27.9
3668,27,27.10
3669,27,27.11
3670,27,27.12
3671,27,27.13
3672,27,27.14
3673,27,27.15
3674,27,27.16
3675,27,27.17
3676,27,27.18
3677,27,27.19
3678,27,27.20
3679,27,27.21
3680,27,27.22
3681,27,27.23
3682,27,27.24
3683,27,27.25
3684,27,27.26
3685,27,27.27
3686,27,27.28
3687,27,27.29
3688,27,27.30
3689,27,27.31
3690,27,27.32
3691,27,27.33
3692,27,27.34
3693,27,27.35
3694,27,27.36
3695,27,27.37
3696,27,27.38
3697,27,27.39
3698,27,27.40
3699,27,27.41
3700,27,27.42
3701,27,27.43
3702,27,27.44
3703,27,27.45
3704,27,27.46
3705,27,27.47
3706,27,27.48
3707,27,27.49
3708,27,27.50
3709,27,27.51
3710,27,27.52
3711,27,27.53
3712,27,27.54
3713,27,27.55
3714,27,27.56
3715,28,28.1
3716,28,28.2
3717,28,28.3
3718,28,28.4
3719,28,28.5
3720,28,28.6
3721,28,28.7
3722,28,28.8
3723,28,28.9
3724,28,28.10
3725,28,28.11
3726,28,28.12
3727,28,28.13
3728,28,28.14
3729,28,28.15
3730,28,28.16
3731,28,28.17
3732,28,28.18
3733,28,28.19
3734,28,28.20
3735,28,28.21
3736,28,28.22
3737,28,28.23
3738,28,28.24
3739,28,28.25
3740,28,28.26
3741,28,28.27
3742,28,28.28
3743,28,28.29
3744,28,28.30
3745,28,28.31
3746,28,28.32
3747,28,28.33
3748,28,28.34
3749,28,28.35
3750,28,28.36
3751,28,28.37
3752,28,28.38
3753,28,28.39
3754,28,28.40
3755,28,28.41
3756,28,28.42
3757,28,28.43
3758,28,28.44
3759,28,28.45
3760,28,28.46
3761,28,28.47
3762,28,28.48
3763,28,28.49
3764,28,28.50
3765,28,28.51
3766,28,28.52
3767,28,28.53
3768,28,28.54
3769,28,28.55
3770,28,28.56
3771,28,28.57
3772,28,28.58
3773,28,28.59
3774,28,28.60
3775,28,28.61
3776,28,28.62
3777,28,28.63
3778,28,28.64
3779,28,28.65
3780,28,28.66
3781,28,28.67
3782,28,28.68
3783,28,28.69
3784,28,28.70
3785,28,28.71
3786,28,28.72
3787,28,28.73
3788,29,29.1
3789,29,29.2
3790,29,29.3
3791,29,29.4
3792,29,29.5
3793,29,29.6
3794,29,29.7
3795,29,29.8
3796,29,29.9
3797,29,29.10
3798,29,29.11
3799,29,29.12
3800,29,29.13
3801,29,29.14
3802,29,29.15
3803,29,29.16
3804,29,29.17
3805,29,29.18
3806,29,29.19
3807,29,29.20
3808,29,29.21
3809,29,29.22
3810,29,29.23
3811,29,29.24
3812,29,29.25
3813,29,29.26
3814,29,29.27
3815,29,29.28
3816,29,29.29
3817,29,29.30
3818,29,29.31
3819,29,29.32
3820,29,29.33
3821,29,29.34
3822,29,29.35
3823,29,29.36
3824,29,29.37
3825,29,29.38
3826,29,29.39
3827,29,29.40
3828,29,29.41
3829,29,29.42
3830,29,29.43
3831,29,29.44
3832,29,29.45
3833,29,29.46
3834,29,29.47
3835,29,29.48
3836,29,29.49
3837,29,29.50
3838,29,29.51
3839,29,29.52
3840,29,29.53
3841,29,29.54
3842,29,29.55
3843,29,29.56
3844,29,29.57
3845,29,29.58
3846,29,29.59
3847,29,29.60
3848,30,30.1
3849,30,30.2
3850,30,30.3
3851,30,30.4
3852,30,30.5
3853,30,30.6
3854,30,30.7
3855,30,30.8
3856,30,30.9
3857,30,30.10
3858,30,30.11
3859,30,30.12
3860,30,30.13
3861,30,30.14
3862,30,30.15
3863,30,30.16
3864,30,30.17
3865,30,30.18
3866,30,30.19
3867,30,30.20
3868,30,30.21
3869,30,30.22
3870,30,30.23
3871,30,30.24
3872,30,30.25
3873,30,30.26
3874,30,30.27
3875,30,30.28
3876,30,30.29
3877,30,30.30
3878,30,30.31
3879,30,30.32
3880,30,30.33
3881,30,30.34
3882,30,30.35
3883,30,30.36
3884,30,30.37
3885,30,30.38
3886,30,30.39
3887,30,30.40
3888,30,30.41
3889,30,30.42
3890,30,30.43
3891,30,30.44
3892,30,30.45
3893,30,30.46
3894,30,30.47
3895,30,30.48
3896,30,30.49
3897,30,30.50
3898,31,31.1
3899,31,31.2
3900,31,31.3
3901,31,31.4
3902,31,31.5
3903,31,31.6
3904,31,31.7
3905,31,31.8
3906,31,31.9
3907,31,31.10
3908,31,31.11
3909,31,31.12
3910,31,31.13
3911,31,31.14
3912,31,31.15
3913,31,31.16
3914,31,31.17
3915,31,31.18
3916,31,31.19
3917,31,31.20
3918,31,31.21
3919,31,31.22
3920,31,31.23
3921,31,31.24
3922,31,31.25
3923,31,31.26
3924,31,31.27
3925,31,31.28
3926,32,32.1
3927,32,32.2
3928,32,32.3
3929,32,32.4
3930,32,32.5
3931,32,32.6
3932,32,32.7
3933,32,32.8
3934,32,32.9
3935,32,32.10
3936,32,32.11
3937,32,32.12
3938,32,32.13
3939,32,32.14
3940,32,32.15
3941,32,32.16
3942,32,32.17
3943,32,32.18
3944,32,32.19
3945,32,32.20
3946,32,32.21
3947,33,33.1
3948,33,33.2
3949,33,33.3
3950,33,33.4
3951,33,33.5
3952,33,33.6
3953,33,33.7
3954,33,33.8
3955,33,33.9
3956,33,33.10
3957,33,33.11
3958,33,33.12
3959,33,33.13
3960,33,33.14
3961,33,33.15
3962,33,33.16
3963,33,33.17
3964,33,33.18
3965,33,33.19
3966,33,33.20
3967,33,33.21
3968,33,33.22
3969,33,33.23
3970,33,33.24
3971,33,33.25
3972,33,33.26
3973,33,33.27
3974,33,33.28
3975,33,33.29
3976,33,33.30
3977,33,33.31
3978,33,33.32
3979,33,33.33
3980,33,33.34
3981,33,33.35
3982,33,33.36
3983,33,33.37
3984,33,33.38
3985,33,33.39
3986,33,33.40
3987,33,33.41
3988,33,33.42
3989,33,33.43
3990,33,33.44
3991,33,33.45
3992,33,33.46
3993,33,33.47
3994,33,33.48
3995,33,33.49
3996,33,33.50
3997,33,33.51
3998,34,34.1
3999,34,34.2
4000,34,34.3
4001,34,34.4
4002,34,34.5
4003,34,34.6
4004,34,34.7
4005,34,34.8
4006,34,34.9
4007,34,34.10
4008,34,34.11
4009,34,34.12
4010,34,34.13
4011,34,34.14
4012,34,34.15
4013,34,34.16
4014,34,34.17
4015,34,34.18
4016,34,34.19
4017,34,34.20
4018,34,34.21
4019,34,34.22
4020,34,34.23
4021,34,34.24
4022,34,34.25
4023,34,34.26
4024,34,34.27
4025,34,34.28
4026,34,34.29
4027,34,34.30
4028,34,34.31
4029,34,34.32
4030,34,34.33
4031,34,34.34
4032,34,34.35
4033,34,34.36
4034,34,34.37
4035,34,34.38
4036,34,34.39
4037,34,34.40
4038,34,34.41
4039,34,34.42
4040,34,34.43
4041,34,34.44
4042,34,34.45
4043,35,35.1
4044,35,35.2
4045,35,35.3
4046,35,35.4
4047,35,35.5
4048,35,35.6
4049,35,35.7
4050,35,35.8
4051,35,35.9
4052,35,35.10
4053,35,35.11
4054,35,35.12
4055,35,35.13
4056,35,35.14
4057,35,35.15
4058,35,35.16
4059,35,35.17
4060,35,35.18
4061,35,35.19
4062,35,35.20
4063,35,35.21
4064,35,35.22
4065,35,35.23
4066,35,35.24
4067,35,35.25
4068,35,35.26
4069,35,35.27
4070,35,35.28
4071,35,35.29
4072,35,35.30
4073,35,35.31
4074,36,36.1
4075,36,36.2
4076,36,36.3
4077,36,36.4
4078,36,36.5
4079,36,36.6
4080,36,36.7
4081,36,36.8
4082,36,36.9
4083,36,36.10
4084,36,36.11
4085,36,36.12
4086,36,36.13
4087,36,36.14
4088,36,36.15
4089,36,36.16
4090,36,36.17
4091,36,36.18
4092,36,36.19
4093,36,36.20
4094,36,36.21
4095,36,36.22
4096,36,36.23
4097,36,36.24
4098,36,36.25
4099,36,36.26
4100,36,36.27
4101,36,36.28
4102,36,36.29
4103,36,36.30
4104,36,36.31
4105,36,36.32
4106,36,36.33
4107,36,36.34
4108,36,36.35
4109,36,36.36
4110,36,36.37
4111,36,36.38
4112,36,36.39
4113,37,37.1
4114,37,37.2
4115,37,37.3
4116,37,37.4
4117,37,37.5
4118,37,37.6
4119,37,37.7
4120,37,37.8
4121,37,37.9
4122,37,37.10
4123,37,37.11
4124,37,37.12
4125,37,37.13
4126,37,37.14
4127,37,37.15
4128,37,37.16
4129,37,37.17
4130,37,37.18
4131,37,37.19
4132,37,37.20
4133,37,37.21
4134,37,37.22
4135,37,37.23
4136,37,37.24
4137,37,37.25
4138,37,37.26
4139,37,37.27
4140,37,37.28
4141,37,37.29
4142,37,37.30
4143,37,37.31
4144,37,37.32
4145,37,37.33
4146,37,37.34
4147,37,37.35
4148,37,37.36
4149,37,37.37
4150,37,37.38
4151,37,37.39
4152,37,37.40
4153,37,37.41
4154,37,37.42
4155,37,37.43
4156,37,37.44
4157,37,37.45
4158,37,37.46
4159,37,37.47
4160,38,38.1
4161,38,38.2
4162,38,38.3
4163,38,38.4
4164,38,38.5
4165,38,38.6
4166,38,38.7
4167,38,38.8
4168,38,38.9
4169,38,38.10
4170,38,38.11
4171,38,38.12
4172,38,38.13
4173,38,38.14
4174,38,38.15
4175,38,38.16
4176,38,38.17
4177,38,38.18
4178,38,38.19
4179,38,38.20
4180,38,38.21
4181,38,38.22
4182,38,38.23
4183,38,38.24
4184,38,38.25
4185,38,38.26
4186,38,38.27
4187,38,38.28
4188,38,38.29
4189,38,38.30
4190,38,38.31
4191,38,38.32
4192,38,38.33
4193,38,38.34
4194,39,39.1
4195,39,39.2
4196,39,39.3
4197,39,39.4
4198,39,39.5
4199,39,39.6
4200,39,39.7
4201,39,39.8
4202,39,39.9
4203,39,39.10
4204,39,39.11
4205,39,39.12
4206,39,39.13
4207,39,39.14
4208,39,39.15
4209,39,39.16
4210,39,39.17
4211,39,39.18
4212,39,39.19
4213,39,39.20
4214,39,39.21
4215,39,39.22
4216,39,39.23
4217,39,39.24
4218,39,39.25
4219,39,39.26
4220,39,39.27
4221,39,39.28
4222,39,39.29
4223,39,39.30
4224,39,39.31
4225,39,39.32
4226,39,39.33
4227,39,39.34
4228,39,39.35
4229,39,39.36
4230,39,39.37
4231,39,39.38
4232,39,39.39
4233,39,39.40
4234,39,39.41
4235,39,39.42
4236,39,39.43
4237,39,39.44
4238,39,39.45
4239,39,39.46
4240,39,39.47
4241,39,39.48
4242,39,39.49
4243,39,39.50
4244,39,39.51
4245,40,40.1
4246,40,40.2
4247,40,40.3
4248,40,40.4
4249,40,40.5
4250,40,40.6
4251,40,40.7
4252,40,40.8
4253,40,40.9
4254,40,40.10
4255,40,40.11
4256,40,40.12
4257,40,40.13
4258,40,40.14
4259,40,40.15
4260,40,40.16
4261,40,40.17
4262,40,40.18
4263,40,40.19
4264,40,40.20
4265,40,40.21
4266,40,40.22
4267,40,40.23
4268,40,40.24
4269,40,40.25
4270,40,40.26
4271,40,40.27
4272,40,40.28
4273,40,40.29
4274,40,40.30
4275,40,40.31
4276,40,40.32
4277,40,40.33
4278,40,40.34
4279,40,40.35
4280,40,40.36
4281,40,40.37
4282,40,40.38
4283,40,40.39
4284,40,40.40
4285,40,40.41
4286,40,40.42
4287,40,40.43
4288,40,40.44
4289,40,40.45
4290,40,40.46
4291,40,40.47
4292,40,40.48
4293,40,40.49
4294,40,40.50
4295,40,40.51
4296,40,40.52
4297,40,40.53
4298,41,41.1
4299,41,41.2
4300,41,41.3
4301,41,41.4
4302,41,41.5
4303,41,41.6
4304,41,41.7
4305,41,41.8
4306,41,41.9
4307,41,41.10
4308,41,41.11
4309,41,41.12
4310,41,41.13
4311,41,41.14
4312,41,41.15
4313,41,41.16
4314,41,41.17
4315,41,41.18
4316,41,41.19
4317,41,41.20
4318,41,41.21
4319,41,41.22
4320,41,41.23
4321,41,41.24
4322,41,41.25
4323,41,41.26
4324,41,41.27
4325,41,41.28
4326,41,41.29
4327,41,41.30
4328,41,41.31
4329,41,41.32
4330,41,41.33
4331,41,41.34
4332,41,41.35
4333,41,41.36
4334,41,41.37
4335,41,41.38
4336,41,41.39
4337,42,42.1
4338,42,42.2
4339,42,42.3
4340,42,42.4
4341,42,42.5
4342,42,42.6
4343,42,42.7
4344,42,42.8
4345,42,42.9
4346,42,42.10
4347,42,42.11
4348,42,42.12
4349,42,42.13
4350,42,42.14
4351,42,42.15
4352,42,42.16
4353,42,42.17
4354,42,42.18
4355,42,42.19
4356,42,42.20
4357,42,42.21
4358,42,42.22
4359,42,42.23
4360,42,42.24
4361,42,42.25
4362,42,42.26
4363,42,42.27
4364,42,42.28
4365,42,42.29
4366,42,42.30
4367,42,42.31
4368,42,42.32
4369,42,42.33
4370,42,42.34
4371,42,42.35
4372,42,42.36
4373,43,43.1
4374,43,43.2
4375,43,43.3
4376,43,43.4
4377,43,43.5
4378,43,43.6
4379,43,43.7
4380,43,43.8
4381,43,43.9
4382,43,43.10
4383,43,43.11
4384,43,43.12
4385,43,43.13
4386,43,43.14
4387,43,43.15
4388,43,43.16
4389,43,43.17
4390,43,43.18
4391,43,43.19
4392,43,43.20
4393,43,43.21
4394,43,43.22
4395,43,43.23
4396,43,43.24
4397,43,43.25
4398,43,43.26
4399,43,43.27
4400,43,43.28
4401,43,43.29
4402,43,43.30
4403,43,43.31
4404,43,43.32
4405,43,43.33
4406,43,43.34
4407,43,43.35
4408,43,43.36
4409,43,43.37
4410,43,43.38
4411,43,43.39
4412,43,43.40
4413,43,43.41
4414,43,43.42
4415,43,43.43
4416,43,43.44
4417,43,43.45
4418,43,43.46
4419,43,43.47
4420,43,43.48
4421,43,43.49
4422,43,43.50
4423,44,44.1
4424,44,44.2
4425,44,44.3
4426,44,44.4
4427,44,44.5
4428,44,44.6
4429,44,44.7
4430,44,44.8
4431,44,44.9
4432,44,44.10
4433,44,44.11
4434,44,44.12
4435,44,44.13
4436,44,44.14
4437,44,44.15
4438,44,44.16
4439,44,44.17
4440,44,44.18
4441,44,44.19
4442,44,44.20
4443,45,45.1
4444,45,45.2
4445,45,45.3
4446,45,45.4
4447,45,45.5
4448,45,45.6
4449,45,45.7
4450,45,45.8
4451,45,45.9
4452,45,45.10
4453,45,45.11
4454,45,45.12
4455,45,45.13
4456,45,45.14
4457,45,45.15
4458,45,45.16
4459,45,45.17
4460,45,45.18
4461,45,45.19
4462,45,45.20
4463,45,45.21
4464,45,45.22
4465,45,45.23
4466,45,45.24
4467,45,45.25
4468,45,45.26
4469,45,45.27
4470,45,45.28
4471,45,45.29
4472,45,45.30
4473,46,46.1
4474,46,46.2
4475,46,46.3
4476,46,46.4
4477,46,46.5
4478,46,46.6
4479,46,46.7
4480,46,46.8
4481,46,46.9
4482,46,46.10
4483,46,46.11
4484,46,46.12
4485,46,46.13
4486,46,46.14
4487,46,46.15
4488,46,46.16
4489,46,46.17
4490,46,46.18
4491,46,46.19
4492,46,46.20
4493,46,46.21
4494,46,46.22
4495,46,46.23
4496,46,46.24
4497,46,46.25
4498,46,46.26
4499,46,46.27
4500,46,46.28
4501,47,47.1
4502,47,47.2
4503,47,47.3
4504,47,47.4
4505,47,47.5
4506,47,47.6
4507,47,47.7
4508,47,47.8
4509,47,47.9
4510,47,47.10
4511,47,47.11
4512,47,47.12
4513,47,47.13
4514,47,47.14
4515,47,47.15
4516,47,47.16
4517,47,47.17
4518,47,47.18
4519,47,47.19
4520,47,47.20
4521,47,47.21
4522,47,47.22
4523,47,47.23
4524,47,47.24
4525,48,48.1
4526,48,48.2
4527,48,48.3
4528,48,48.4
4529,48,48.5
4530,48,48.6
4531,48,48.7
4532,48,48.8
4533,48,48.9
4534,48,48.10
4535,48,48.11
4536,48,48.12
4537,48,48.13
4538,48,48.14
4539,48,48.15
4540,48,48.16
4541,48,48.17
4542,48,48.18
4543,48,48.19
4544,48,48.20
4545,49,49.1
4546,49,49.2
4547,49,49.3
4548,49,49.4
4549,49,49.5
4550,49,49.6
4551,49,49.7
4552,49,49.8
4553,49,49.9
4554,49,49.10
4555,49,49.11
4556,49,49.12
4557,49,49.13
4558,49,49.14
4559,49,49.15
4560,49,49.16
4561,50,50.1
4562,50,50.2
4563,50,50.3
4564,50,50.4
4565,50,50.5
4566,50,50.6
4567,50,50.7
4568,50,50.8
4569,50,50.9
4570,50,50.10
4571,50,50.11
4572,50,50.12
4573,50,50.13
4574,50,50.14
4575,50,50.15
4576,50,50.16
4577,50,50.17
4578,50,50.18
4579,50,50.19
4580,50,50.20
4581,50,50.21
4582,50,50.22
4583,51,51.1
4584,51,51.2
4585,51,51.3
4586,51,51.4
4587,51,51.5
4588,51,51.6
4589,51,51.7
4590,51,51.8
4591,51,51.9
4592,51,51.10
4593,51,51.11
4594,51,51.12
4595,51,51.13
4596,51,51.14
4597,51,51.15
4598,51,51.16
4599,51,51.17
4600,51,51.18
4601,51,51.19
4602,51,51.20
4603,51,51.21
4604,51,51.22
4605,51,51.23
4606,51,51.24
4607,51,51.25
4608,52,52.1
4609,52,52.2
4610,52,52.3
4611,52,52.4
4612,52,52.5
4613,52,52.6
4614,52,52.7
4615,52,52.8
4616,52,52.9
4617,52,52.10
4618,52,52.11
4619,52,52.12
4620,52,52.13
4621,52,52.14
4622,52,52.15
4623,52,52.16
4624,52,52.17
4625,52,52.18
4626,52,52.19
4627,53,53.1
4628,53,53.2
4629,53,53.3
4630,53,53.4
4631,53,53.5
4632,53,53.6
4633,53,53.7
4634,53,53.8
4635,53,53.9
4636,53,53.10
4637,53,53.11
4638,53,53.12
4639,53,53.13
4640,53,53.14
4641,53,53.15
4642,53,53.16
4643,53,53.17
4644,53,53.18
4645,54,54.1
4646,54,54.2
4647,54,54.3
4648,54,54.4
4649,54,54.5
4650,54,54.6
4651,54,54.7
4652,54,54.8
4653,54,54.9
4654,54,54.10
4655,54,54.11
4656,54,54.12
4657,54,54.13
4658,54,54.14
4659,54,54.15
4660,54,54.16
4661,54,54.17
4662,54,54.18
4663,54,54.19
4664,54,54.20
4665,55,55.1
4666,55,55.2
4667,55,55.3
4668,55,55.4
4669,55,55.5
4670,55,55.6
4671,55,55.7
4672,55,55.8
4673,55,55.9
4674,55,55.10
4675,55,55.11
4676,55,55.12
4677,55,55.13
4678,55,55.14
4679,55,55.15
4680,55,55.16
4681,55,55.17
4682,55,55.18
4683,55,55.19
4684,55,55.20
4685,56,56.1
4686,56,56.2
4687,56,56.3
4688,56,56.4
4689,56,56.5
4690,56,56.6
4691,56,56.7
4692,56,56.8
4693,56,56.9
4694,56,56.10
4695,56,56.11
4696,56,56.12
4697,56,56.13
4698,56,56.14
4699,56,56.15
4700,56,56.16
4701,56,56.17
4702,56,56.18
4703,56,56.19
4704,56,56.20
4705,57,57.1
4706,57,57.2
4707,57,57.3
4708,57,57.4
4709,57,57.5
4710,57,57.6
4711,57,57.7
4712,57,57.8
4713,57,57.9
4714,57,57.10
4715,57,57.11
4716,57,57.12
4717,57,57.13
4718,57,57.14
4719,57,57.15
4720,57,57.16
4721,57,57.17
4722,57,57.18
4723,57,57.19
4724,57,57.20
4725,57,57.21
4726,57,57.22
4727,57,57.23
4728,58,58.1
4729,58,58.2
4730,58,58.3
4731,58,58.4
4732,58,58.5
4733,58,58.6
4734,58,58.7
4735,58,58.8
4736,58,58.9
4737,58,58.10
4738,58,58.11
4739,58,58.12
4740,58,58.13
4741,58,58.14
4742,58,58.15
4743,58,58.16
4744,58,58.17
4745,58,58.18
4746,58,58.19
4747,58,58.20
4748,59,59.1
4749,59,59.2
4750,59,59.3
4751,59,59.4
4752,59,59.5
4753,59,59.6
4754,59,59.7
4755,59,59.8
4756,59,59.9
4757,59,59.10
4758,59,59.11
4759,59,59.12
4760,59,59.13
4761,59,59.14
4762,59,59.15
4763,59,59.16
4764,59,59.17
4765,60,60.1
4766,60,60.2
4767,60,60.3
4768,60,60.4
4769,60,60.5
4770,60,60.6
4771,60,60.7
4772,60,60.8
4773,60,60.9
4774,60,60.10
4775,60,60.11
4776,60,60.12
4777,61,61.1
4778,61,61.2
4779,61,61.3
4780,61,61.4
4781,61,61.5
4782,61,61.6
4783,61,61.7
4784,61,61.8
4785,61,61.9
4786,61,61.10
4787,62,62.1
4788,62,62.2
4789,62,62.3
4790,62,62.4
4791,62,62.5
4792,62,62.6
4793,62,62.7
4794,62,62.8
4795,62,62.9
4796,62,62.10
4797,63,63.1
4798,63,63.2
4799,63,63.3
4800,63,63.4
4801,63,63.5
4802,63,63.6
4803,63,63.7
4804,63,63.8
4805,63,63.9
4806,63,63.10
4807,64,64.1
4808,64,64.2
4809,64,64.3
4810,64,64.4
4811,64,64.5
4812,64,64.6
4813,64,64.7
4814,64,64.8
4815,64,64.9
4816,64,64.10
4817,64,64.11
4818,64,64.12
4819,64,64.13
4820,64,64.14
4821,65,65.1
4822,65,65.2
4823,65,65.3
4824,65,65.4
4825,65,65.5
4826,65,65.6
4827,65,65.7
4828,65,65.8
4829,66,66.1
4830,66,66.2
4831,66,66.3
4832,66,66.4
4833,66,66.5
4834,66,66.6
4835,66,66.7
4836,66,66.8
4837,66,66.9
4838,66,66.10
4839,66,66.11
4840,66,66.12
4841,67,67.1
4842,67,67.2
4843,67,67.3
4844,67,67.4
4845,67,67.5
4846,67,67.6
4847,67,67.7
4848,67,67.8
4849,67,67.9
4850,67,67.10
4851,67,67.11
4852,67,67.12
4853,67,67.13
4854,67,67.14
4855,67,67.15
4856,67,67.16
4857,67,67.17
4858,67,67.18
4859,67,67.19
4860,68,68.1
4861,68,68.2
4862,68,68.3
4863,68,68.4
4864,68,68.5
4865,68,68.6
4866,68,68.7
4867,68,68.8
4868,68,68.9
4869,68,68.10
4870,68,68.11
4871,68,68.12
4872,68,68.13
4873,68,68.14
4874,68,68.15
4875,68,68.16
4876,68,68.17
4877,68,68.18
4878,68,68.19
4879,69,69.1
4880,69,69.2
4881,69,69.3
4882,69,69.4
4883,69,69.5
4884,69,69.6
4885,69,69.7
4886,69,69.8
4887,69,69.9
4888,69,69.10
4889,69,69.11
4890,69,69.12
4891,69,69.13
4892,70,70.1
4893,70,70.2
4894,70,70.3
4895,70,70.4
4896,70,70.5
4897,70,70.6
4898,70,70.7
4899,70,70.8
4900,70,70.9
4901,70,70.10
4902,70,70.11
4903,71,71.1
4904,71,71.2
4905,71,71.3
4906,71,71.4
4907,71,71.5
4908,71,71.6
4909,71,71.7
4910,71,71.8
4911,71,71.9
4912,72,72.1
4913,72,72.2
4914,72,72.3
4915,72,72.4
4916,72,72.5
4917,72,72.6
4918,72,72.7
4919,72,72.8
4920,72,72.9
4921,72,72.10
4922,72,72.11
4923,73,73.1
4924,73,73.2
4925,73,73.3
4926,73,73.4
4927,73,73.5
4928,73,73.6
4929,73,73.7
4930,73,73.8
4931,74,74.1
4932,74,74.2
4933,74,74.3
4934,74,74.4
4935,74,74.5
4936,74,74.6
4937,74,74.7
4938,74,74.8
4939,74,74.9
4940,74,74.10
4941,75,75.1
4942,75,75.2
4943,75,75.3
4944,75,75.4
4945,75,75.5
4946,75,75.6
4947,75,75.7
4948,75,75.8
4949,76,76.1
4950,76,76.2
4951,76,76.3
4952,76,76.4
4953,76,76.5
4954,76,76.6
4955,76,76.7
4956,76,76.8
4957,76,76.9
4958,76,76.10
4959,76,76.11
4960,76,76.12
4961,76,76.13
4962,76,76.14
4963,77,77.1
4964,77,77.2
4965,77,77.3
4966,77,77.4
4967,77,77.5
4968,77,77.6
4969,77,77.7
4970,77,77.8
4971,77,77.9
4972,77,77.10
4973,78,78.1
4974,78,78.2
4975,78,78.3
4976,78,78.4
4977,78,78.5
4978,78,78.6
4979,78,78.7
4980,78,78.8
4981,78,78.9
4982,79,79.1
4983,79,79.2
4984,79,79.3
4985,79,79.4
4986,79,79.5
4987,79,79.6
4988,79,79.7
4989,79,79.8
4990,79,79.9
4991,80,80.1
4992,80,80.2
4993,80,80.3
4994,80,80.4
4995,80,80.5
4996,80,80.6
4997,81,81.1
4998,81,81.2
4999,81,81.3
5000,81,81.4
5001,81,81.5
5002,81,81.6
5003,82,82.1
5004,82,82.2
5005,82,82.3
5006,82,82.4
5007,83,83.1
5008,83,83.2
5009,83,83.3
5010,83,83.4
5011,83,83.5
5012,83,83.6
5013,83,83.7
5014,83,83.8
5015,83,83.9
5016,84,84.1
5017,84,84.2
5018,84,84.3
5019,84,84.4
5020,84,84.5
5021,85,85.1
5022,85,85.2
5023,85,85.3
5024,85,85.4
5025,85,85.5
5026,85,85.6
5027,86,86.1
5028,86,86.2
5029,87,87.1
5030,87,87.2
5031,87,87.3
5032,88,88.1
5033,88,88.2
5034,88,88.3
5035,88,88.4
5036,89,89.1
5037,89,89.2
5038,89,89.3
5039,89,89.4
5040,89,89.5
5041,89,89.6
5042,90,90.1
5043,90,90.2
5044,90,90.3
5045,91,91.1
5046,91,91.2
5047,92,92.1
5048,92,92.2
5049,92,92.3
5050,93,93.1
5051,93,93.2
5052,94,94.1
5053,95,95.1
5054,95,95.2
5055,96,96.1
5056,96,96.2
5057,96,96.3
5058,96,96.4
5059,96,96.5
5060,97,97.1
5061,98,98.1
5062,98,98.2
5063,98,98.3
5064,98,98.4
5065,99,99.1
5066,100,100.1
5067,101,101.1
5068,102,102.1
5069,103,103.1
5070,104,104.1
5071,105,105.1
5072,106,106.1
5073,107,107.1
5074,108,108.1
5075,109,109.1
5076,110,110.1
5077,111,111.1
5078,112,112.1
5079,113,113.1
5080,114,114.1
